,section,poke_name,perc_use,url,stats,moves,items,types,abilities
0,Showdown VGC 2021 (0+),Incineroar,0.3889,https://www.pikalytics.com/pokedex/ss/Incineroar?l=en,HP:95;Atk:115;Def:90;SpA:80;SpD:90;Spe:60;,Fake Out:99.747%;Flare Blitz:98.762%;Parting Shot:68.326%;Snarl:35.834%;Taunt:29.540%;U-turn:28.493%;Darkest Lariat:27.022%;Other:12.277%;,Assault Vest:27.917%;Sitrus Berry:25.373%;Safety Goggles:16.361%;Shuca Berry:9.726%;Aguav Berry:7.996%;Figy Berry:6.496%;Iapapa Berry:2.097%;Other:4.034%;,fire;dark,Intimidate:99.916%;Blaze:0.084%;
1,Showdown VGC 2021 (0+),Regieleki,0.23670000000000002,https://www.pikalytics.com/pokedex/ss/Regieleki?l=en,HP:80;Atk:100;Def:50;SpA:100;SpD:50;Spe:200;,Electroweb:92.707%;Protect:81.070%;Volt Switch:68.416%;Thunderbolt:67.517%;Thunder:17.811%;Rising Voltage:10.896%;Electro Ball:9.918%;Eerie Impulse:8.994%;Screech:8.432%;Hyper Beam:8.318%;Reflect:4.595%;Extreme Speed:3.847%;Other:17.479%;,Focus Sash:41.088%;Magnet:25.573%;Life Orb:16.987%;Choice Scarf:6.793%;Choice Specs:5.248%;Other:4.311%;,electric,Transistor:100.000%;
2,Showdown VGC 2021 (0+),Landorus-Therian,0.1852,https://www.pikalytics.com/pokedex/ss/Landorus-Therian,HP:89;Atk:145;Def:90;SpA:105;SpD:80;Spe:91;,Earthquake:98.754%;Fly:92.680%;Rock Slide:87.133%;Swords Dance:44.398%;U-turn:26.843%;Protect:19.127%;Rock Tomb:10.278%;Superpower:6.483%;Other:14.303%;,Lum Berry:28.498%;Assault Vest:27.663%;Life Orb:17.556%;Choice Scarf:8.749%;Safety Goggles:7.956%;White Herb:5.379%;Other:4.199%;,ground;flying,Intimidate:100.000%;
3,Showdown VGC 2021 (0+),Thundurus,0.1844,https://www.pikalytics.com/pokedex/ss/Thundurus?l=en,HP:79;Atk:115;Def:70;SpA:125;SpD:80;Spe:111;,Fly:82.810%;Wild Charge:81.839%;Superpower:74.740%;Foul Play:26.633%;Protect:20.388%;Thunderbolt:14.423%;Eerie Impulse:13.901%;Taunt:11.773%;Lash Out:10.716%;Crunch:9.073%;Electroweb:8.013%;Scary Face:7.962%;Thunder Wave:7.551%;Brick Break:6.863%;Leer:4.404%;Other:18.911%;,Assault Vest:59.556%;Life Orb:14.886%;Safety Goggles:10.440%;Sitrus Berry:7.344%;Lum Berry:4.620%;Other:3.156%;,electric;flying,Defiant:80.858%;Prankster:19.142%;
4,Showdown VGC 2021 (0+),Zacian-Crowned,0.1791,https://www.pikalytics.com/pokedex/ss/Zacian-Crowned,HP:92;Atk:170;Def:115;SpA:80;SpD:115;Spe:148;,Behemoth Blade:99.999%;Protect:99.350%;Substitute:72.048%;Sacred Sword:70.623%;Close Combat:28.037%;Play Rough:10.076%;Other:19.866%;,Rusted Sword:100.000%;,fairy;steel,Intrepid Sword:100.000%;
5,Showdown VGC 2021 (0+),Rillaboom,0.17670000000000002,https://www.pikalytics.com/pokedex/ss/Rillaboom?l=en,HP:100;Atk:125;Def:90;SpA:60;SpD:70;Spe:85;,Grassy Glide:99.965%;Fake Out:91.307%;Protect:48.323%;Wood Hammer:43.357%;U-turn:37.813%;Knock Off:33.822%;High Horsepower:30.960%;Other:14.452%;,Miracle Seed:44.355%;Assault Vest:31.041%;Coba Berry:8.765%;Choice Band:7.634%;Rose Incense:3.441%;Other:4.764%;,grass,Grassy Surge:99.761%;Overgrow:0.239%;
6,Showdown VGC 2021 (0+),Whimsicott,0.1563,https://www.pikalytics.com/pokedex/ss/Whimsicott?l=en,HP:60;Atk:67;Def:85;SpA:77;SpD:75;Spe:116;,Tailwind:91.406%;Helping Hand:66.558%;Moonblast:66.058%;Taunt:37.654%;Switcheroo:33.627%;Dazzling Gleam:29.980%;Trick Room:19.686%;Fake Tears:15.223%;Protect:12.249%;Misty Terrain:5.738%;Encore:4.611%;Other:17.210%;,Focus Sash:50.025%;Eject Button:33.770%;Coba Berry:9.750%;Mental Herb:1.915%;Other:4.540%;,grass;fairy,Prankster:99.965%;Chlorophyll:0.022%;Infiltrator:0.014%;
7,Showdown VGC 2021 (0+),Amoonguss,0.14980000000000002,https://www.pikalytics.com/pokedex/ss/Amoonguss?l=en,HP:114;Atk:85;Def:70;SpA:85;SpD:80;Spe:30;,Spore:99.923%;Rage Powder:99.483%;Protect:95.643%;Pollen Puff:52.644%;Clear Smog:17.123%;Sludge Bomb:16.723%;Other:18.461%;,Coba Berry:53.893%;Focus Sash:34.761%;Mental Herb:4.979%;Occa Berry:2.346%;Other:4.021%;,grass;poison,Regenerator:98.189%;Effect Spore:1.811%;
8,Showdown VGC 2021 (0+),Venusaur,0.1366,https://www.pikalytics.com/pokedex/ss/Venusaur?l=en,HP:80;Atk:82;Def:83;SpA:100;SpD:100;Spe:80;,Sludge Bomb:73.102%;Weather Ball:63.915%;Sleep Powder:61.549%;Earth Power:59.461%;Frenzy Plant:47.353%;Leaf Storm:45.902%;Protect:33.394%;Other:15.325%;,Coba Berry:49.035%;Life Orb:18.539%;Weakness Policy:15.556%;Assault Vest:7.059%;Focus Sash:4.017%;Occa Berry:1.975%;Other:3.820%;,grass;poison,Chlorophyll:92.492%;Overgrow:7.508%;
9,Showdown VGC 2021 (0+),Kyogre,0.13390000000000002,https://www.pikalytics.com/pokedex/ss/Kyogre?l=en,HP:100;Atk:100;Def:90;SpA:150;SpD:140;Spe:90;,Water Spout:88.298%;Origin Pulse:85.574%;Protect:81.132%;Thunder:64.883%;Ice Beam:55.647%;Scald:12.825%;Other:11.641%;,Mystic Water:38.100%;Weakness Policy:18.640%;Sea Incense:14.877%;Choice Scarf:12.243%;Wave Incense:6.081%;Choice Specs:5.992%;Other:4.067%;,water,Drizzle:100.000%;
10,Showdown VGC 2021 (0+),Urshifu,0.1332,https://www.pikalytics.com/pokedex/ss/Urshifu?l=en,HP:100;Atk:130;Def:100;SpA:63;SpD:60;Spe:97;,Wicked Blow:99.982%;Close Combat:99.886%;Sucker Punch:97.628%;Detect:39.889%;Protect:38.654%;Poison Jab:9.635%;Other:14.327%;,Focus Sash:72.179%;Choice Band:20.547%;Black Glasses:4.040%;Other:3.234%;,fighting;dark,Unseen Fist:100.000%;
11,Showdown VGC 2021 (0+),Tapu%20Fini,0.1244,https://www.pikalytics.com/pokedex/ss/Tapu%20Fini?l=en,HP:70;Atk:75;Def:115;SpA:95;SpD:130;Spe:85;,Moonblast:88.229%;Protect:74.323%;Muddy Water:59.136%;Calm Mind:53.214%;Nature's Madness:26.626%;Haze:17.238%;Dazzling Gleam:17.173%;Icy Wind:15.145%;Scald:11.743%;Heal Pulse:9.292%;Ice Beam:7.205%;Trick:6.850%;Other:13.828%;,Leftovers:52.797%;Sitrus Berry:19.084%;Choice Specs:8.045%;Wiki Berry:6.788%;Choice Scarf:4.672%;Life Orb:3.779%;Other:4.834%;,water;fairy,Misty Surge:99.879%;Telepathy:0.121%;
12,Showdown VGC 2021 (0+),Indeedee-F,0.1243,https://www.pikalytics.com/pokedex/ss/Indeedee-F,HP:70;Atk:55;Def:65;SpA:95;SpD:105;Spe:85;,Follow Me:99.878%;Expanding Force:98.996%;Protect:85.882%;Helping Hand:73.715%;Mystical Fire:24.045%;Other:17.484%;,Psychic Seed:30.411%;Safety Goggles:25.451%;Sitrus Berry:17.076%;Focus Sash:16.900%;Colbur Berry:6.863%;Other:3.299%;,psychic;normal,Psychic Surge:99.894%;Own Tempo:0.093%;Synchronize:0.014%;
13,Showdown VGC 2021 (0+),Grimmsnarl,0.1235,https://www.pikalytics.com/pokedex/ss/Grimmsnarl?l=en,HP:95;Atk:120;Def:65;SpA:95;SpD:75;Spe:60;,Spirit Break:73.548%;Reflect:70.266%;Light Screen:69.744%;Scary Face:43.402%;Fake Tears:25.346%;Fake Out:22.481%;Taunt:21.859%;Sucker Punch:20.067%;Trick:17.837%;Foul Play:16.763%;Other:18.687%;,Light Clay:63.601%;Babiri Berry:10.502%;Full Incense:9.648%;Lagging Tail:7.406%;Wide Lens:4.718%;Other:4.125%;,dark;fairy,Prankster:99.965%;Frisk:0.019%;Pickpocket:0.016%;
14,Showdown VGC 2021 (0+),Lapras,0.1128,https://www.pikalytics.com/pokedex/ss/Lapras?l=en,HP:130;Atk:85;Def:80;SpA:85;SpD:95;Spe:60;,Hydro Pump:97.737%;Protect:86.597%;Freeze-Dry:75.429%;Perish Song:48.377%;Thunder:27.432%;Helping Hand:22.011%;Ice Beam:17.418%;Blizzard:9.706%;Other:15.293%;,Light Clay:52.579%;Life Orb:33.766%;Weakness Policy:6.803%;Wacan Berry:2.448%;Other:4.403%;,water;ice,Water Absorb:88.989%;Shell Armor:9.732%;Hydration:1.280%;
15,Showdown VGC 2021 (0+),Porygon2,0.1096,https://www.pikalytics.com/pokedex/ss/Porygon2?l=en,HP:85;Atk:80;Def:90;SpA:105;SpD:95;Spe:60;,Trick Room:94.948%;Recover:88.741%;Eerie Impulse:55.895%;Ice Beam:51.852%;Foul Play:36.170%;Tri Attack:21.853%;Shadow Ball:15.766%;Thunderbolt:12.254%;Hyper Beam:8.253%;Other:14.267%;,Eviolite:99.922%;Other:0.078%;,normal,Download:53.817%;Trace:41.734%;Analytic:4.449%;
16,Showdown VGC 2021 (0+),Tornadus,0.1011,https://www.pikalytics.com/pokedex/ss/Tornadus?l=en,HP:79;Atk:115;Def:70;SpA:125;SpD:80;Spe:111;,Tailwind:99.260%;Hurricane:72.774%;Icy Wind:64.121%;Taunt:43.410%;Dark Pulse:31.032%;Protect:29.961%;Air Slash:23.956%;Brutal Swing:11.549%;Rain Dance:8.480%;Other:15.457%;,Life Orb:32.034%;Focus Sash:29.850%;Mental Herb:21.374%;Wacan Berry:7.920%;Sharp Beak:3.700%;Safety Goggles:2.705%;Other:2.417%;,flying,Prankster:99.076%;Defiant:0.924%;
17,Showdown VGC 2021 (0+),Dragapult,0.09480000000000001,https://www.pikalytics.com/pokedex/ss/Dragapult?l=en,HP:88;Atk:120;Def:75;SpA:100;SpD:75;Spe:142;,Phantom Force:89.365%;Dragon Darts:88.646%;Fly:85.873%;Dragon Dance:28.183%;Dive:25.814%;Surf:20.945%;Will-O-Wisp:19.183%;Light Screen:9.926%;Breaking Swipe:9.542%;Protect:7.932%;Other:14.591%;,Life Orb:70.886%;Lum Berry:12.963%;Safety Goggles:6.744%;Choice Scarf:3.112%;Focus Sash:2.853%;Other:3.441%;,dragon;ghost,Clear Body:99.441%;Cursed Body:0.326%;Infiltrator:0.234%;
18,Showdown VGC 2021 (0+),Torkoal,0.0947,https://www.pikalytics.com/pokedex/ss/Torkoal?l=en,HP:70;Atk:85;Def:140;SpA:85;SpD:70;Spe:20;,Protect:80.949%;Eruption:73.654%;Burning Jealousy:61.386%;Heat Wave:54.209%;Yawn:47.976%;Earth Power:37.950%;Body Press:31.904%;Other:11.972%;,Charcoal:39.468%;Sitrus Berry:26.112%;Choice Specs:18.314%;Shuca Berry:6.027%;Focus Sash:5.609%;Other:4.471%;,fire,Drought:99.672%;Shell Armor:0.254%;White Smoke:0.074%;
19,Showdown VGC 2021 (0+),Calyrex-Shadow,0.08460000000000001,https://www.pikalytics.com/pokedex/ss/Calyrex-Shadow,HP:100;Atk:85;Def:80;SpA:165;SpD:100;Spe:150;,Astral Barrage:99.998%;Expanding Force:58.576%;Protect:54.574%;Trick Room:37.327%;Mud Shot:34.477%;Imprison:29.935%;Draining Kiss:29.922%;Hyper Beam:7.732%;Substitute:6.472%;Nasty Plot:6.422%;Taunt:3.987%;Psyshock:3.773%;Pollen Puff:3.376%;Leaf Storm:2.871%;Speed Swap:2.847%;Other:17.711%;,Focus Sash:41.581%;Life Orb:38.914%;Choice Specs:9.937%;Weakness Policy:3.388%;Spell Tag:2.137%;Other:4.043%;,psychic;ghost,
20,OverUsed (0+),Landorus-Therian,0.2473,https://www.pikalytics.com/pokedex/gen8ou/Landorus-Therian?l=en,HP:89;Atk:145;Def:90;SpA:105;SpD:80;Spe:91;,Earthquake:97.023%;U-turn:82.190%;Stealth Rock:62.126%;Toxic:41.388%;Knock Off:26.317%;Stone Edge:25.293%;Defog:24.240%;Swords Dance:13.603%;Explosion:12.613%;Other:15.207%;,Leftovers:52.539%;Choice Scarf:19.131%;Soft Sand:8.531%;Rocky Helmet:6.520%;Choice Band:3.915%;Focus Sash:3.767%;Custap Berry:2.483%;Other:3.114%;,ground;flying,Intimidate:100.000%;
21,OverUsed (0+),Dragapult,0.1912,https://www.pikalytics.com/pokedex/gen8ou/Dragapult?l=en,HP:88;Atk:120;Def:75;SpA:100;SpD:75;Spe:142;,U-turn:66.286%;Draco Meteor:63.686%;Shadow Ball:60.131%;Dragon Darts:35.467%;Flamethrower:30.849%;Hex:23.412%;Phantom Force:16.583%;Dragon Dance:16.108%;Fire Blast:13.221%;Sucker Punch:13.122%;Hydro Pump:11.302%;Thunder Wave:10.549%;Steel Wing:9.327%;Substitute:9.164%;Will-O-Wisp:8.805%;Other:11.988%;,Choice Specs:55.542%;Leftovers:10.970%;Choice Band:9.453%;Heavy-Duty Boots:8.783%;Life Orb:7.042%;Weakness Policy:5.008%;Other:3.203%;,dragon;ghost,Infiltrator:85.187%;Clear Body:14.226%;Cursed Body:0.587%;
22,OverUsed (0+),Ferrothorn,0.1865,https://www.pikalytics.com/pokedex/gen8ou/Ferrothorn?l=en,HP:74;Atk:94;Def:131;SpA:54;SpD:116;Spe:20;,Leech Seed:85.170%;Knock Off:84.056%;Spikes:71.185%;Gyro Ball:38.525%;Stealth Rock:35.253%;Body Press:25.176%;Power Whip:24.451%;Protect:13.334%;Iron Head:11.668%;Other:11.182%;,Leftovers:69.337%;Rocky Helmet:19.401%;Shed Shell:9.149%;Other:2.112%;,grass;steel,Iron Barbs:99.938%;Anticipation:0.062%;
23,OverUsed (0+),Garchomp,0.1593,https://www.pikalytics.com/pokedex/gen8ou/Garchomp?l=en,HP:108;Atk:130;Def:95;SpA:80;SpD:85;Spe:102;,Earthquake:98.351%;Swords Dance:57.839%;Stealth Rock:50.241%;Scale Shot:43.349%;Stone Edge:35.837%;Toxic:30.868%;Fire Fang:20.771%;Fire Blast:19.238%;Rest:16.126%;Substitute:4.995%;Dragon Tail:4.698%;Other:17.687%;,Life Orb:27.414%;Leftovers:26.960%;Rocky Helmet:25.902%;Lum Berry:8.518%;Soft Sand:5.504%;Bright Powder:2.059%;Other:3.643%;,dragon;ground,Rough Skin:92.988%;Sand Veil:7.012%;
24,OverUsed (0+),Rillaboom,0.1553,https://www.pikalytics.com/pokedex/gen8ou/Rillaboom?l=en,HP:100;Atk:125;Def:90;SpA:60;SpD:70;Spe:85;,Grassy Glide:99.866%;Knock Off:82.671%;Wood Hammer:62.417%;U-turn:61.207%;Superpower:36.127%;Swords Dance:33.110%;Drain Punch:17.008%;Other:7.594%;,Choice Band:65.151%;Life Orb:30.638%;Other:4.211%;,grass,Grassy Surge:99.758%;Overgrow:0.242%;
25,OverUsed (0+),Heatran,0.1533,https://www.pikalytics.com/pokedex/gen8ou/Heatran?l=en,HP:91;Atk:90;Def:106;SpA:130;SpD:106;Spe:77;,Earth Power:94.387%;Magma Storm:89.352%;Taunt:62.997%;Toxic:54.450%;Stealth Rock:34.419%;Protect:21.477%;Lava Plume:9.158%;Flash Cannon:7.865%;Heavy Slam:6.341%;Other:19.554%;,Leftovers:78.429%;Air Balloon:13.622%;Power Herb:2.832%;Choice Specs:2.674%;Other:2.442%;,fire;steel,Flash Fire:89.183%;Flame Body:10.817%;
26,OverUsed (0+),Corviknight,0.1431,https://www.pikalytics.com/pokedex/gen8ou/Corviknight?l=en,HP:98;Atk:87;Def:105;SpA:53;SpD:85;Spe:67;,Roost:99.852%;Defog:92.080%;Brave Bird:62.050%;U-turn:58.550%;Body Press:46.304%;Iron Defense:16.813%;Bulk Up:7.726%;Other:16.625%;,Leftovers:63.624%;Rocky Helmet:21.188%;Shed Shell:13.894%;Other:1.293%;,flying;steel,Pressure:98.423%;Mirror Armor:1.524%;Unnerve:0.053%;
27,OverUsed (0+),Tapu%20Koko,0.12359999999999999,https://www.pikalytics.com/pokedex/gen8ou/Tapu%20Koko?l=en,HP:70;Atk:115;Def:85;SpA:95;SpD:75;Spe:130;,Dazzling Gleam:91.345%;Thunderbolt:86.411%;U-turn:83.676%;Roost:77.042%;Volt Switch:16.107%;Grass Knot:13.593%;Taunt:7.935%;Light Screen:5.709%;Other:18.182%;,Heavy-Duty Boots:76.007%;Choice Specs:9.837%;Light Clay:5.564%;Terrain Extender:3.242%;Expert Belt:1.422%;Other:3.928%;,electric;fairy,Electric Surge:99.879%;Telepathy:0.121%;
28,OverUsed (0+),Clefable,0.1209,https://www.pikalytics.com/pokedex/gen8ou/Clefable?l=en,HP:95;Atk:70;Def:73;SpA:95;SpD:90;Spe:60;,Moonblast:99.029%;Soft-Boiled:79.374%;Calm Mind:39.001%;Stealth Rock:24.960%;Wish:23.931%;Thunder Wave:18.996%;Protect:18.604%;Aromatherapy:17.200%;Trick:15.382%;Knock Off:15.373%;Heal Bell:12.445%;Flamethrower:8.852%;Teleport:6.626%;Thunder:5.543%;Other:14.684%;,Leftovers:58.559%;Heavy-Duty Boots:13.891%;Sticky Barb:13.531%;Life Orb:9.949%;Other:4.070%;,fairy,Magic Guard:59.898%;Unaware:40.079%;Cute Charm:0.024%;
29,OverUsed (0+),Kartana,0.11699999999999999,https://www.pikalytics.com/pokedex/gen8ou/Kartana?l=en,HP:59;Atk:181;Def:131;SpA:59;SpD:31;Spe:109;,Leaf Blade:99.765%;Knock Off:96.584%;Sacred Sword:90.739%;Smart Strike:70.249%;Swords Dance:23.581%;Other:19.082%;,Choice Scarf:41.753%;Choice Band:33.320%;Life Orb:19.018%;Lum Berry:1.146%;Other:4.762%;,grass;steel,Beast Boost:100.000%;
30,OverUsed (0+),Volcarona,0.1091,https://www.pikalytics.com/pokedex/gen8ou/Volcarona?l=en,HP:85;Atk:60;Def:65;SpA:135;SpD:105;Spe:100;,Quiver Dance:97.225%;Psychic:79.390%;Flamethrower:68.923%;Bug Buzz:56.379%;Roost:42.657%;Fire Blast:16.053%;Fiery Dance:14.901%;Giga Drain:13.250%;Other:11.224%;,Heavy-Duty Boots:98.109%;Other:1.891%;,bug;fire,Flame Body:88.155%;Swarm:11.845%;
31,OverUsed (0+),Toxapex,0.1081,https://www.pikalytics.com/pokedex/gen8ou/Toxapex?l=en,HP:50;Atk:63;Def:152;SpA:53;SpD:142;Spe:35;,Recover:98.689%;Knock Off:78.102%;Haze:75.105%;Scald:67.431%;Toxic Spikes:35.178%;Toxic:29.444%;Other:16.051%;,Black Sludge:37.320%;Rocky Helmet:29.181%;Shed Shell:25.069%;Payapa Berry:2.823%;Eject Button:2.342%;Other:3.264%;,poison;water,Regenerator:99.755%;Merciless:0.226%;Limber:0.019%;
32,OverUsed (0+),Urshifu-Rapid-Strike,0.10640000000000001,https://www.pikalytics.com/pokedex/gen8ou/Urshifu-Rapid-Strike,HP:100;Atk:130;Def:100;SpA:63;SpD:60;Spe:97;,Surging Strikes:99.670%;Close Combat:97.890%;U-turn:87.925%;Aqua Jet:84.628%;Thunder Punch:9.921%;Other:19.966%;,Choice Band:72.879%;Protective Pads:16.278%;Choice Scarf:7.499%;Other:3.344%;,fighting;water,Unseen Fist:100.000%;
33,OverUsed (0+),Excadrill,0.0888,https://www.pikalytics.com/pokedex/gen8ou/Excadrill?l=en,HP:110;Atk:135;Def:60;SpA:50;SpD:65;Spe:88;,Earthquake:96.565%;Iron Head:90.227%;Rapid Spin:72.884%;Swords Dance:46.146%;Rock Slide:27.546%;Toxic:25.139%;Stealth Rock:16.985%;Substitute:13.738%;Other:10.771%;,Leftovers:59.556%;Life Orb:19.454%;Focus Sash:7.962%;Air Balloon:5.905%;Choice Band:4.201%;Other:2.922%;,ground;steel,Sand Rush:75.208%;Mold Breaker:23.408%;Sand Force:1.384%;
34,OverUsed (0+),Zapdos,0.0875,https://www.pikalytics.com/pokedex/gen8ou/Zapdos?l=en,HP:90;Atk:90;Def:85;SpA:125;SpD:90;Spe:100;,Roost:96.289%;Defog:78.319%;Heat Wave:54.409%;Hurricane:48.467%;Volt Switch:48.060%;Discharge:37.131%;Thunderbolt:10.244%;Thunder:6.869%;Weather Ball:6.348%;Other:13.865%;,Heavy-Duty Boots:94.017%;Leftovers:3.555%;Other:2.428%;,electric;flying,Static:87.195%;Pressure:12.805%;
35,OverUsed (0+),Tyranitar,0.08470000000000001,https://www.pikalytics.com/pokedex/gen8ou/Tyranitar?l=en,HP:100;Atk:134;Def:110;SpA:95;SpD:100;Spe:61;,Rock Blast:64.575%;Stealth Rock:61.134%;Crunch:45.432%;Earthquake:44.112%;Ice Beam:28.009%;Ice Punch:25.393%;Stone Edge:22.283%;Heavy Slam:20.937%;Toxic:20.932%;Thunder Wave:17.402%;High Horsepower:9.650%;Fire Punch:8.874%;Superpower:7.252%;Rest:6.615%;Other:17.401%;,Leftovers:35.821%;Choice Band:27.106%;Smooth Rock:18.917%;Shuca Berry:4.872%;Heavy-Duty Boots:3.911%;Assault Vest:3.643%;Weakness Policy:2.942%;Other:2.787%;,rock;dark,Sand Stream:99.989%;Unnerve:0.011%;
36,OverUsed (0+),Tapu%20Lele,0.08310000000000001,https://www.pikalytics.com/pokedex/gen8ou/Tapu%20Lele?l=en,HP:70;Atk:85;Def:75;SpA:130;SpD:115;Spe:95;,Moonblast:97.702%;Psyshock:92.946%;Focus Blast:91.204%;Psychic:51.632%;Calm Mind:31.310%;Thunderbolt:14.406%;Thunder:13.875%;Other:6.924%;,Choice Specs:39.263%;Leftovers:21.746%;Choice Scarf:14.031%;Heavy-Duty Boots:10.637%;Twisted Spoon:6.803%;Assault Vest:2.514%;Life Orb:2.390%;Other:2.616%;,psychic;fairy,Psychic Surge:99.963%;Telepathy:0.037%;
37,OverUsed (0+),Dragonite,0.0825,https://www.pikalytics.com/pokedex/gen8ou/Dragonite?l=en,HP:91;Atk:134;Def:95;SpA:100;SpD:100;Spe:80;,Earthquake:88.791%;Roost:81.287%;Dragon Dance:53.401%;Dual Wingbeat:38.603%;Ice Beam:32.692%;Heal Bell:29.556%;Defog:18.137%;Ice Punch:13.717%;Extreme Speed:10.195%;Fire Punch:7.278%;Dragon Claw:7.195%;Other:19.146%;,Heavy-Duty Boots:91.650%;Choice Band:2.678%;Weakness Policy:2.293%;Other:3.379%;,dragon;flying,Multiscale:99.454%;Inner Focus:0.546%;
38,OverUsed (0+),Regieleki,0.0814,https://www.pikalytics.com/pokedex/gen8ou/Regieleki?l=en,HP:80;Atk:100;Def:50;SpA:100;SpD:50;Spe:200;,Rapid Spin:90.456%;Volt Switch:79.545%;Thunderbolt:73.063%;Ancient Power:45.475%;Light Screen:21.471%;Reflect:21.386%;Explosion:18.401%;Swift:11.783%;Thunder Wave:10.049%;Thunder Cage:8.236%;Rising Voltage:5.814%;Other:14.321%;,Heavy-Duty Boots:53.258%;Light Clay:20.664%;Choice Specs:20.228%;Magnet:2.705%;Other:3.145%;,electric,Transistor:100.000%;
39,OverUsed (0+),Slowbro,0.077,https://www.pikalytics.com/pokedex/gen8ou/Slowbro?l=en,HP:95;Atk:75;Def:110;SpA:100;SpD:80;Spe:30;,Teleport:95.223%;Slack Off:89.855%;Scald:72.998%;Future Sight:69.184%;Ice Beam:45.109%;Counter:5.430%;Earthquake:4.685%;Other:17.516%;,Heavy-Duty Boots:52.863%;Rocky Helmet:33.896%;Colbur Berry:7.356%;Leftovers:3.395%;Other:2.491%;,water;psychic,Regenerator:99.850%;Oblivious:0.142%;Own Tempo:0.008%;
40,Ubers,Yveltal,0.8012,https://www.pikalytics.com/pokedex/gen8ubers/Yveltal?l=en,HP:126;Atk:131;Def:95;SpA:131;SpD:98;Spe:99;,Roost:61.849%;Knock Off:60.118%;Sucker Punch:54.737%;Defog:48.344%;Taunt:34.202%;Oblivion Wing:32.817%;U-turn:32.540%;Dark Pulse:26.268%;Foul Play:23.174%;Toxic:9.956%;Other:15.995%;,Heavy-Duty Boots:56.701%;Life Orb:27.265%;Black Glasses:3.931%;Choice Scarf:3.895%;Metronome:2.650%;Leftovers:1.541%;Other:4.017%;,dark;flying,Dark Aura:100.000%;
41,Ubers,Necrozma-Dusk-Mane,0.7089,https://www.pikalytics.com/pokedex/gen8ubers/Necrozma-Dusk-Mane,HP:97;Atk:157;Def:127;SpA:113;SpD:109;Spe:77;,Sunsteel Strike:94.971%;Stealth Rock:59.433%;Earthquake:56.686%;Morning Sun:55.660%;Dragon Dance:28.408%;Stone Edge:22.679%;Thunder Wave:20.836%;Knock Off:17.356%;Moonlight:11.052%;Trick Room:7.000%;Photon Geyser:6.981%;Other:18.938%;,Leftovers:37.179%;Rocky Helmet:25.498%;Weakness Policy:17.285%;Life Orb:9.692%;Shed Shell:3.740%;Lum Berry:3.263%;Other:3.343%;,psychic;steel,Prism Armor:100.000%;
42,Ubers,Calyrex-Shadow,0.5018,https://www.pikalytics.com/pokedex/gen8ubers/Calyrex-Shadow,HP:100;Atk:85;Def:80;SpA:165;SpD:100;Spe:150;,Astral Barrage:99.648%;Psyshock:78.484%;Trick:48.143%;Draining Kiss:40.105%;Aromatherapy:37.465%;Nasty Plot:34.776%;Substitute:14.172%;Psychic:6.899%;Taunt:6.804%;Will-O-Wisp:6.072%;Grass Knot:4.427%;Dark Pulse:3.432%;Other:19.573%;,Choice Scarf:38.067%;Focus Sash:29.178%;Choice Specs:21.739%;Life Orb:5.643%;Leftovers:3.785%;Other:1.587%;,psychic;ghost,
43,Ubers,Eternatus,0.5015999999999999,https://www.pikalytics.com/pokedex/gen8ubers/Eternatus?l=en,HP:140;Atk:85;Def:95;SpA:145;SpD:95;Spe:130;,Dynamax Cannon:94.411%;Recover:70.901%;Flamethrower:69.636%;Toxic:37.231%;Meteor Beam:30.147%;Sludge Bomb:26.278%;Mystical Fire:24.521%;Sludge Wave:22.875%;Toxic Spikes:10.700%;Other:13.300%;,Black Sludge:46.633%;Power Herb:29.858%;Life Orb:9.890%;Heavy-Duty Boots:8.704%;Other:4.915%;,poison;dragon,Pressure:100.000%;
44,Ubers,Kyogre,0.35119999999999996,https://www.pikalytics.com/pokedex/gen8ubers/Kyogre?l=en,HP:100;Atk:100;Def:90;SpA:150;SpD:140;Spe:90;,Ice Beam:85.416%;Water Spout:82.799%;Thunder:81.282%;Origin Pulse:77.097%;Scald:15.141%;Calm Mind:14.803%;Rest:13.816%;Ancient Power:6.577%;Surf:5.057%;Other:18.012%;,Choice Specs:45.283%;Choice Scarf:35.528%;Leftovers:13.414%;Assault Vest:1.489%;Other:4.287%;,water,Drizzle:100.000%;
45,Ubers,Xerneas,0.3091,https://www.pikalytics.com/pokedex/gen8ubers/Xerneas?l=en,HP:126;Atk:131;Def:95;SpA:131;SpD:98;Spe:99;,Moonblast:98.747%;Geomancy:78.355%;Thunder:55.692%;Focus Blast:35.573%;Aromatherapy:26.684%;Substitute:14.484%;Rest:13.712%;Sleep Talk:12.172%;Defog:11.185%;Thunderbolt:10.785%;Psyshock:9.309%;Ingrain:8.962%;Toxic:3.875%;Thunder Wave:3.775%;Other:16.690%;,Power Herb:77.989%;Leftovers:14.160%;Choice Specs:3.637%;Other:4.214%;,fairy,Fairy Aura:100.000%;
46,Ubers,Zacian,0.3063,https://www.pikalytics.com/pokedex/gen8ubers/Zacian?l=en,HP:92;Atk:130;Def:115;SpA:80;SpD:115;Spe:138;,Play Rough:99.860%;Wild Charge:86.823%;Close Combat:82.605%;Crunch:70.771%;Swords Dance:37.461%;Psychic Fangs:5.629%;Other:16.850%;,Choice Band:42.279%;Life Orb:20.034%;Choice Scarf:16.118%;Babiri Berry:12.737%;Heavy-Duty Boots:2.744%;Leftovers:2.265%;Other:3.823%;,fairy,Intrepid Sword:100.000%;
47,Ubers,Ho-Oh,0.2445,https://www.pikalytics.com/pokedex/gen8ubers/Ho-Oh?l=en,HP:106;Atk:130;Def:90;SpA:110;SpD:154;Spe:90;,Sacred Fire:98.536%;Defog:81.398%;Whirlwind:49.657%;Brave Bird:40.616%;Thunder Wave:38.828%;Toxic:37.338%;Roost:26.076%;Earthquake:10.503%;Other:17.048%;,Heavy-Duty Boots:91.610%;Choice Band:6.017%;Other:2.372%;,fire;flying,Regenerator:99.362%;Pressure:0.638%;
48,Ubers,Marshadow,0.2021,https://www.pikalytics.com/pokedex/gen8ubers/Marshadow?l=en,HP:90;Atk:125;Def:80;SpA:90;SpD:90;Spe:125;,Shadow Sneak:98.142%;Close Combat:95.026%;Spectral Thief:72.977%;Rock Tomb:37.578%;Poltergeist:28.862%;Bulk Up:26.733%;Endeavor:18.650%;Ice Punch:7.631%;Other:14.401%;,Focus Sash:58.389%;Life Orb:27.802%;Choice Band:6.901%;Spell Tag:2.163%;Other:4.744%;,fighting;ghost,Technician:100.000%;
49,Ubers,Zygarde,0.16010000000000002,https://www.pikalytics.com/pokedex/gen8ubers/Zygarde?l=en,HP:108;Atk:100;Def:121;SpA:81;SpD:95;Spe:95;,Thousand Arrows:87.229%;Substitute:51.202%;Rest:50.000%;Dragon Dance:49.865%;Coil:46.040%;Glare:40.560%;Toxic:22.866%;Thousand Waves:15.059%;Scale Shot:11.284%;Dragon Tail:8.996%;Other:16.898%;,Leftovers:94.769%;Lum Berry:0.824%;Other:4.407%;,dragon;ground,Power Construct:99.570%;Aura Break:0.430%;
50,Ubers,Groudon,0.1481,https://www.pikalytics.com/pokedex/gen8ubers/Groudon?l=en,HP:100;Atk:150;Def:140;SpA:100;SpD:90;Spe:90;,Precipice Blades:79.901%;Stone Edge:70.500%;Swords Dance:47.949%;Stealth Rock:47.049%;Rock Polish:38.607%;Thunder Wave:28.128%;Earthquake:20.248%;Rock Slide:13.991%;Overheat:7.446%;Fire Punch:7.087%;Toxic:6.953%;Rock Tomb:6.366%;Heat Crash:6.174%;Other:19.601%;,Leftovers:63.601%;Life Orb:15.931%;Lum Berry:7.264%;Soft Sand:3.335%;Heat Rock:2.091%;Focus Sash:1.631%;Choice Band:1.598%;Other:4.550%;,ground,Drought:100.000%;
51,Ubers,Ditto,0.1207,https://www.pikalytics.com/pokedex/gen8ubers/Ditto?l=en,HP:48;Atk:48;Def:48;SpA:48;SpD:48;Spe:48;,:300.000%;Transform:100.000%;,Choice Scarf:99.516%;Other:0.484%;,normal,Imposter:99.966%;Limber:0.034%;
52,Ubers,Shuckle,0.11130000000000001,https://www.pikalytics.com/pokedex/gen8ubers/Shuckle?l=en,HP:20;Atk:10;Def:230;SpA:10;SpD:230;Spe:5;,Sticky Web:99.491%;Encore:96.937%;Stealth Rock:94.638%;Final Gambit:85.713%;Toxic:12.008%;Other:11.213%;,Mental Herb:60.863%;Red Card:22.603%;Custap Berry:14.032%;Other:2.501%;,bug;rock,Sturdy:99.455%;Contrary:0.287%;Gluttony:0.257%;
53,Ubers,Zekrom,0.102,https://www.pikalytics.com/pokedex/gen8ubers/Zekrom?l=en,HP:100;Atk:150;Def:120;SpA:120;SpD:100;Spe:90;,Dragon Dance:95.974%;Dragon Claw:91.472%;Bolt Strike:90.416%;Roost:33.343%;Substitute:32.849%;Magnet Rise:16.862%;Draco Meteor:11.112%;Fusion Bolt:10.727%;Other:17.246%;,Life Orb:32.486%;Leftovers:32.355%;Air Balloon:10.472%;Weakness Policy:7.163%;Shuca Berry:4.091%;Haban Berry:3.085%;Salac Berry:2.489%;Lum Berry:2.477%;Magnet:1.260%;Other:4.121%;,dragon;electric,Teravolt:100.000%;
54,Ubers,Calyrex-Ice,0.095,https://www.pikalytics.com/pokedex/gen8ubers/Calyrex-Ice,HP:100;Atk:165;Def:150;SpA:85;SpD:130;Spe:50;,Glacial Lance:99.327%;High Horsepower:87.280%;Trick Room:84.548%;Swords Dance:50.311%;Seed Bomb:20.702%;Close Combat:14.453%;Agility:8.227%;Zen Headbutt:7.345%;Substitute:6.219%;Leech Seed:5.511%;Other:16.079%;,Weakness Policy:33.409%;Heavy-Duty Boots:27.896%;Metronome:15.146%;Leftovers:5.128%;Life Orb:4.985%;Focus Sash:3.684%;Lum Berry:3.414%;Choice Band:2.993%;Other:3.345%;,psychic;ice,
55,Ubers,Palkia,0.0859,https://www.pikalytics.com/pokedex/gen8ubers/Palkia?l=en,HP:90;Atk:120;Def:100;SpA:150;SpD:120;Spe:100;,Spacial Rend:87.813%;Hydro Pump:86.338%;Thunder:79.959%;Fire Blast:71.380%;Surf:12.207%;Draco Meteor:11.111%;Focus Punch:7.156%;Flamethrower:5.821%;Rest:5.263%;Ice Beam:3.848%;Sleep Talk:3.812%;Earth Power:3.628%;Toxic:2.974%;Other:18.691%;,Lustrous Orb:36.675%;Assault Vest:18.830%;Choice Specs:16.644%;Choice Scarf:10.769%;Leftovers:9.090%;Life Orb:6.306%;Other:1.686%;,water;dragon,Pressure:99.772%;Telepathy:0.228%;
56,Ubers,Blissey,0.0667,https://www.pikalytics.com/pokedex/gen8ubers/Blissey?l=en,HP:255;Atk:10;Def:10;SpA:75;SpD:135;Spe:55;,Soft-Boiled:91.188%;Seismic Toss:74.799%;Teleport:41.654%;Confide:41.264%;Aromatherapy:29.700%;Toxic:28.878%;Stealth Rock:26.431%;Thunder Wave:20.927%;Wish:11.587%;Heal Bell:7.619%;Ice Beam:6.942%;Other:19.012%;,Utility Umbrella:67.856%;Heavy-Duty Boots:21.228%;Leftovers:7.227%;Other:3.688%;,normal,Natural Cure:94.844%;Serene Grace:4.265%;Healer:0.891%;
57,Ubers,Slurpuff,0.0667,https://www.pikalytics.com/pokedex/gen8ubers/Slurpuff?l=en,HP:82;Atk:80;Def:86;SpA:85;SpD:75;Spe:72;,Sticky Web:99.829%;Magic Coat:94.199%;Misty Explosion:90.917%;Yawn:71.627%;Endeavor:38.640%;Other:4.788%;,Focus Sash:99.636%;Other:0.364%;,fairy,Unburden:99.981%;Sweet Veil:0.019%;
58,Ubers,Regieleki,0.06480000000000001,https://www.pikalytics.com/pokedex/gen8ubers/Regieleki?l=en,HP:80;Atk:100;Def:50;SpA:100;SpD:50;Spe:200;,Rapid Spin:81.339%;Explosion:76.675%;Wild Charge:57.246%;Assurance:47.019%;Volt Switch:42.364%;Thunderbolt:20.786%;Light Screen:15.222%;Reflect:14.605%;Thunder:13.368%;Ancient Power:10.013%;Thunder Cage:4.621%;Other:16.742%;,Life Orb:49.443%;Choice Specs:19.870%;Light Clay:13.254%;Heavy-Duty Boots:12.253%;Magnet:4.294%;Other:0.887%;,electric,Transistor:100.000%;
59,Ubers,Rayquaza,0.0562,https://www.pikalytics.com/pokedex/gen8ubers/Rayquaza?l=en,HP:105;Atk:150;Def:90;SpA:150;SpD:90;Spe:95;,Dragon Ascent:97.952%;Extreme Speed:73.899%;V-create:53.897%;Dragon Dance:48.215%;Earthquake:44.976%;Swords Dance:37.114%;Draco Meteor:11.973%;Scale Shot:7.588%;Stone Edge:4.929%;Other:19.456%;,Focus Sash:45.919%;Life Orb:40.660%;Choice Band:2.979%;Muscle Band:2.647%;Choice Scarf:2.570%;Heavy-Duty Boots:1.766%;Other:3.459%;,dragon;flying,Air Lock:100.000%;
60,UnderUsed,Scizor,0.40869999999999995,https://www.pikalytics.com/pokedex/gen8uu/Scizor?l=en,HP:70;Atk:130;Def:100;SpA:55;SpD:80;Spe:65;,Bullet Punch:98.624%;Swords Dance:66.317%;U-turn:66.294%;Roost:66.180%;Knock Off:48.173%;Superpower:16.121%;Quick Attack:12.073%;Defog:11.390%;Other:14.828%;,Heavy-Duty Boots:27.558%;Leftovers:18.705%;Life Orb:17.657%;Choice Band:15.571%;Safety Goggles:13.434%;Metal Coat:4.980%;Other:2.095%;,bug;steel,Technician:98.845%;Swarm:1.143%;Light Metal:0.012%;
61,UnderUsed,Kommo-o,0.3478,https://www.pikalytics.com/pokedex/gen8uu/Kommo-o?l=en,HP:75;Atk:110;Def:125;SpA:100;SpD:105;Spe:85;,Flamethrower:54.864%;Stealth Rock:50.124%;Body Press:41.777%;Clanging Scales:36.000%;Toxic:26.705%;Clangorous Soul:23.871%;Poison Jab:19.437%;Drain Punch:18.359%;Substitute:18.246%;Boomburst:18.143%;Close Combat:15.169%;Iron Defense:11.054%;Earthquake:8.621%;Scale Shot:8.110%;Taunt:7.531%;Swords Dance:6.216%;Belly Drum:5.773%;Dragon Tail:3.606%;Protect:3.575%;Rest:3.439%;Other:19.380%;,Leftovers:39.265%;Throat Spray:17.000%;Rocky Helmet:14.950%;Life Orb:8.903%;Safety Goggles:7.218%;Salac Berry:5.753%;Choice Specs:4.585%;Other:2.326%;,dragon;fighting,Bulletproof:70.169%;Overcoat:24.787%;Soundproof:5.044%;
62,UnderUsed,Zeraora,0.299,https://www.pikalytics.com/pokedex/gen8uu/Zeraora?l=en,HP:88;Atk:112;Def:75;SpA:102;SpD:80;Spe:143;,Plasma Fists:98.787%;Volt Switch:67.415%;Knock Off:63.572%;Play Rough:49.105%;Close Combat:38.748%;Blaze Kick:35.120%;Bulk Up:26.566%;Drain Punch:7.547%;Other:13.140%;,Heavy-Duty Boots:76.656%;Leftovers:6.648%;Lum Berry:6.119%;Life Orb:2.315%;Adrenaline Orb:1.679%;Psychic Seed:1.104%;Choice Band:0.980%;Other:4.497%;,electric,Volt Absorb:100.000%;
63,UnderUsed,Amoonguss,0.2816,https://www.pikalytics.com/pokedex/gen8uu/Amoonguss?l=en,HP:114;Atk:85;Def:70;SpA:85;SpD:80;Spe:30;,Giga Drain:98.690%;Spore:98.035%;Sludge Bomb:96.936%;Foul Play:75.270%;Clear Smog:11.367%;Other:19.702%;,Rocky Helmet:81.510%;Black Sludge:7.760%;Assault Vest:3.238%;Heavy-Duty Boots:2.259%;:1.760%;Other:3.472%;,grass;poison,Regenerator:99.910%;Effect Spore:0.090%;
64,UnderUsed,Krookodile,0.2614,https://www.pikalytics.com/pokedex/gen8uu/Krookodile?l=en,HP:95;Atk:117;Def:80;SpA:65;SpD:70;Spe:92;,Knock Off:99.012%;Earthquake:92.257%;Stealth Rock:70.656%;Stone Edge:45.354%;Taunt:26.337%;Darkest Lariat:25.326%;Close Combat:15.105%;High Horsepower:7.923%;Other:18.030%;,Choice Scarf:62.580%;Focus Sash:18.525%;Chople Berry:9.494%;Choice Band:6.574%;Other:2.827%;,ground;dark,Intimidate:86.934%;Moxie:13.056%;Anger Point:0.010%;
65,UnderUsed,Salamence,0.22949999999999998,https://www.pikalytics.com/pokedex/gen8uu/Salamence?l=en,HP:95;Atk:135;Def:80;SpA:110;SpD:80;Spe:100;,Roost:75.390%;Defog:63.311%;Flamethrower:61.401%;Dual Wingbeat:45.710%;Hurricane:34.339%;Dragon Dance:22.948%;Outrage:20.628%;Draco Meteor:18.883%;Earthquake:18.753%;Fire Blast:13.468%;Toxic:9.896%;Other:15.273%;,Heavy-Duty Boots:90.898%;Lum Berry:2.863%;Choice Scarf:2.362%;Other:3.877%;,dragon;flying,Intimidate:78.588%;Moxie:21.412%;
66,UnderUsed,Rotom-Heat,0.1677,https://www.pikalytics.com/pokedex/gen8uu/Rotom-Heat,HP:50;Atk:65;Def:107;SpA:105;SpD:107;Spe:86;,Overheat:99.703%;Volt Switch:91.461%;Defog:72.653%;Pain Split:72.118%;Toxic:13.613%;Nasty Plot:12.220%;Will-O-Wisp:10.836%;Protect:9.640%;Other:17.755%;,Heavy-Duty Boots:95.894%;Other:4.106%;,electric;fire,Levitate:100.000%;
67,UnderUsed,Alakazam,0.15039999999999998,https://www.pikalytics.com/pokedex/gen8uu/Alakazam?l=en,HP:55;Atk:50;Def:45;SpA:135;SpD:95;Spe:120;,Shadow Ball:96.070%;Psychic:90.614%;Focus Blast:75.655%;Nasty Plot:34.145%;Knock Off:30.183%;Dazzling Gleam:23.605%;Counter:14.656%;Psyshock:8.309%;Energy Ball:8.080%;Other:18.683%;,Life Orb:67.554%;Focus Sash:31.216%;Other:1.230%;,psychic,Magic Guard:99.816%;Synchronize:0.139%;Inner Focus:0.045%;
68,UnderUsed,Slowking,0.1492,https://www.pikalytics.com/pokedex/gen8uu/Slowking?l=en,HP:95;Atk:75;Def:80;SpA:100;SpD:110;Spe:30;,Teleport:96.135%;Slack Off:88.172%;Scald:85.077%;Future Sight:75.827%;Psyshock:17.721%;Ice Beam:12.683%;Flamethrower:5.298%;Other:19.088%;,Heavy-Duty Boots:78.422%;Rocky Helmet:6.722%;Colbur Berry:5.450%;Leftovers:4.995%;Other:4.411%;,water;psychic,Regenerator:99.670%;Oblivious:0.330%;Own Tempo:0.000%;
69,UnderUsed,Chansey,0.1377,https://www.pikalytics.com/pokedex/gen8uu/Chansey?l=en,HP:250;Atk:5;Def:5;SpA:35;SpD:105;Spe:50;,Seismic Toss:98.653%;Soft-Boiled:90.322%;Toxic:76.718%;Stealth Rock:46.249%;Teleport:20.139%;Thunder Wave:17.977%;Wish:17.603%;Heal Bell:15.135%;Other:17.203%;,Eviolite:99.682%;Other:0.318%;,normal,Natural Cure:99.424%;Serene Grace:0.458%;Healer:0.119%;
70,UnderUsed,Mew,0.1338,https://www.pikalytics.com/pokedex/gen8uu/Mew?l=en,HP:100;Atk:100;Def:100;SpA:100;SpD:100;Spe:100;,Stealth Rock:33.244%;Soft-Boiled:33.140%;Stored Power:33.054%;Cosmic Power:32.803%;Body Press:32.625%;Knock Off:27.345%;Spikes:26.990%;Taunt:26.178%;Rest:18.477%;Defog:16.493%;Explosion:13.732%;Roost:12.990%;Psychic:11.745%;Trick:7.496%;Ice Beam:7.182%;Will-O-Wisp:7.021%;Flamethrower:6.839%;Flare Blitz:5.715%;Dragon Dance:5.383%;Psyshock:4.845%;Psychic Fangs:4.244%;Poltergeist:3.073%;Imprison:2.910%;Transform:2.746%;Block:2.740%;Skill Swap:2.605%;Other:18.385%;,Leftovers:24.766%;Red Card:22.374%;Chesto Berry:16.154%;Colbur Berry:8.333%;Choice Scarf:7.339%;Heavy-Duty Boots:5.394%;Kasib Berry:4.987%;Lum Berry:3.902%;Weakness Policy:3.544%;Other:3.207%;,psychic,Synchronize:100.000%;
71,UnderUsed,Skarmory,0.1267,https://www.pikalytics.com/pokedex/gen8uu/Skarmory?l=en,HP:65;Atk:80;Def:140;SpA:40;SpD:70;Spe:70;,Roost:97.786%;Spikes:71.235%;Whirlwind:59.102%;Body Press:46.742%;Brave Bird:45.507%;Defog:25.978%;Stealth Rock:21.900%;Iron Defense:9.867%;Toxic:9.861%;Other:12.022%;,Rocky Helmet:55.215%;Safety Goggles:25.255%;Leftovers:12.123%;Shed Shell:5.058%;Other:2.349%;,steel;flying,Sturdy:99.538%;Keen Eye:0.273%;Weak Armor:0.189%;
72,UnderUsed,Jirachi,0.124,https://www.pikalytics.com/pokedex/gen8uu/Jirachi?l=en,HP:100;Atk:100;Def:100;SpA:100;SpD:100;Spe:100;,Iron Head:91.292%;U-turn:77.435%;Stealth Rock:44.578%;Wish:31.377%;Trick:23.574%;Protect:18.665%;Ice Punch:14.002%;Body Slam:12.435%;Thunder:11.641%;Fire Punch:11.323%;Healing Wish:8.198%;Thunder Wave:8.142%;Zen Headbutt:6.348%;Toxic:4.524%;Substitute:3.948%;Stored Power:3.901%;Aura Sphere:3.190%;Thunder Punch:2.985%;Psychic:2.782%;Other:19.660%;,Leftovers:65.063%;Choice Scarf:26.840%;Weakness Policy:2.385%;Colbur Berry:1.534%;Other:4.178%;,steel;psychic,Serene Grace:100.000%;
73,UnderUsed,Azumarill,0.1157,https://www.pikalytics.com/pokedex/gen8uu/Azumarill?l=en,HP:100;Atk:50;Def:80;SpA:60;SpD:80;Spe:50;,Play Rough:97.696%;Aqua Jet:97.617%;Knock Off:87.249%;Belly Drum:68.771%;Liquidation:28.350%;Ice Punch:9.337%;Other:10.980%;,Sitrus Berry:68.258%;Choice Band:26.420%;Leftovers:2.512%;Other:2.810%;,water;fairy,Huge Power:97.429%;Sap Sipper:2.230%;Thick Fat:0.341%;
74,UnderUsed,Aegislash,0.1116,https://www.pikalytics.com/pokedex/gen8uu/Aegislash?l=en,HP:60;Atk:50;Def:140;SpA:50;SpD:140;Spe:60;,Shadow Sneak:69.068%;Shadow Ball:63.049%;Close Combat:45.249%;King's Shield:39.044%;Flash Cannon:36.019%;Swords Dance:32.944%;Iron Head:27.629%;Toxic:25.592%;Substitute:23.527%;Shadow Claw:15.912%;Steel Beam:12.489%;Other:9.477%;,Leftovers:28.578%;Choice Specs:19.661%;Air Balloon:15.842%;Weakness Policy:13.929%;Life Orb:13.312%;Spell Tag:5.873%;Other:2.805%;,steel;ghost,Stance Change:100.000%;
75,UnderUsed,Thundurus-Therian,0.1005,https://www.pikalytics.com/pokedex/gen8uu/Thundurus-Therian,HP:79;Atk:105;Def:70;SpA:145;SpD:80;Spe:101;,Psychic:83.924%;Nasty Plot:81.496%;Thunderbolt:80.629%;Focus Blast:80.497%;Volt Switch:18.534%;Grass Knot:17.600%;Thunder:10.101%;Defog:7.124%;Sludge Wave:5.850%;Other:14.244%;,Heavy-Duty Boots:90.157%;Choice Specs:3.026%;Choice Scarf:2.679%;Other:4.139%;,electric;flying,Volt Absorb:100.000%;
76,UnderUsed,Tangrowth,0.1001,https://www.pikalytics.com/pokedex/gen8uu/Tangrowth?l=en,HP:100;Atk:100;Def:125;SpA:110;SpD:50;Spe:50;,Knock Off:96.863%;Giga Drain:95.481%;Sludge Bomb:86.201%;Earthquake:42.518%;Sleep Powder:36.236%;Brick Break:11.579%;Leech Seed:6.294%;Toxic:5.489%;Other:19.340%;,Rocky Helmet:49.677%;Assault Vest:43.584%;Eject Button:5.351%;Other:1.388%;,grass,Regenerator:99.888%;Chlorophyll:0.092%;Leaf Guard:0.020%;
77,UnderUsed,Bisharp,0.09480000000000001,https://www.pikalytics.com/pokedex/gen8uu/Bisharp?l=en,HP:65;Atk:125;Def:100;SpA:60;SpD:70;Spe:70;,Sucker Punch:99.785%;Iron Head:99.778%;Swords Dance:85.570%;Knock Off:81.832%;Stealth Rock:18.541%;Other:14.494%;,Black Glasses:39.718%;Leftovers:17.673%;Life Orb:15.393%;Safety Goggles:13.812%;Choice Band:8.135%;Assault Vest:2.370%;Other:2.899%;,dark;steel,Defiant:99.914%;Inner Focus:0.082%;Pressure:0.004%;
78,UnderUsed,Kyurem,0.094,https://www.pikalytics.com/pokedex/gen8uu/Kyurem?l=en,HP:125;Atk:130;Def:90;SpA:130;SpD:90;Spe:95;,Freeze-Dry:88.807%;Earth Power:77.669%;Draco Meteor:52.711%;Ice Beam:50.984%;Substitute:44.427%;Roost:37.903%;Dragon Dance:17.599%;Icicle Spear:17.557%;Other:12.343%;,Choice Specs:43.583%;Heavy-Duty Boots:37.013%;Leftovers:11.000%;Choice Scarf:3.918%;Other:4.486%;,dragon;ice,Pressure:100.000%;
79,UnderUsed,Hatterene,0.0924,https://www.pikalytics.com/pokedex/gen8uu/Hatterene?l=en,HP:57;Atk:90;Def:95;SpA:136;SpD:103;Spe:29;,Mystical Fire:96.367%;Draining Kiss:92.483%;Calm Mind:69.892%;Psyshock:54.746%;Psychic:32.852%;Nuzzle:20.117%;Stored Power:8.281%;Trick Room:6.949%;Other:18.314%;,Leftovers:69.622%;Assault Vest:20.876%;Focus Sash:3.200%;Life Orb:2.699%;Other:3.603%;,psychic;fairy,Magic Bounce:99.571%;Healer:0.426%;Anticipation:0.003%;
80,RarelyUsed,Zarude,0.35409999999999997,https://www.pikalytics.com/pokedex/gen8ru/Zarude?l=en,HP:105;Atk:120;Def:105;SpA:70;SpD:95;Spe:105;,Power Whip:98.793%;Darkest Lariat:98.481%;U-turn:93.431%;Jungle Healing:68.470%;Close Combat:24.504%;Other:16.321%;,Heavy-Duty Boots:65.552%;Choice Scarf:20.688%;Choice Band:4.642%;Leftovers:3.909%;Assault Vest:2.493%;Other:2.716%;,dark;grass,Leaf Guard:100.000%;
81,RarelyUsed,Togekiss,0.3132,https://www.pikalytics.com/pokedex/gen8ru/Togekiss?l=en,HP:85;Atk:50;Def:95;SpA:120;SpD:115;Spe:80;,Air Slash:99.950%;Roost:94.167%;Defog:54.142%;Thunder Wave:43.514%;Nasty Plot:26.602%;Flamethrower:21.001%;Heal Bell:17.191%;Wish:16.323%;Aura Sphere:11.333%;Other:15.777%;,Heavy-Duty Boots:94.600%;Choice Scarf:3.881%;Other:1.520%;,fairy;flying,Serene Grace:99.814%;Super Luck:0.169%;Hustle:0.018%;
82,RarelyUsed,Raikou,0.2216,https://www.pikalytics.com/pokedex/gen8ru/Raikou?l=en,HP:90;Atk:85;Def:75;SpA:115;SpD:100;Spe:115;,Thunderbolt:95.362%;Aura Sphere:87.181%;Volt Switch:72.049%;Scald:52.055%;Toxic:29.994%;Calm Mind:28.275%;Substitute:19.901%;Other:15.184%;,Heavy-Duty Boots:55.244%;Leftovers:23.785%;Choice Specs:14.291%;Choice Scarf:1.573%;Light Clay:1.300%;Other:3.807%;,electric,Pressure:95.465%;Inner Focus:4.535%;
83,RarelyUsed,Noivern,0.1656,https://www.pikalytics.com/pokedex/gen8ru/Noivern?l=en,HP:85;Atk:70;Def:80;SpA:97;SpD:80;Spe:123;,Roost:93.755%;Draco Meteor:81.295%;Flamethrower:78.064%;U-turn:52.584%;Defog:37.459%;Hurricane:28.063%;Toxic:16.112%;Other:12.669%;,Heavy-Duty Boots:96.449%;Other:3.551%;,flying;dragon,Infiltrator:88.053%;Frisk:11.946%;Telepathy:0.000%;
84,RarelyUsed,Reuniclus,0.1597,https://www.pikalytics.com/pokedex/gen8ru/Reuniclus?l=en,HP:110;Atk:65;Def:75;SpA:125;SpD:85;Spe:30;,Psyshock:85.424%;Focus Blast:85.020%;Future Sight:48.739%;Recover:45.764%;Calm Mind:45.187%;Knock Off:40.972%;Shadow Ball:21.201%;Trick:11.392%;Other:16.303%;,Assault Vest:52.000%;Colbur Berry:17.929%;Leftovers:12.816%;Sticky Barb:10.802%;Kee Berry:2.776%;Other:3.676%;,psychic,Regenerator:52.170%;Magic Guard:47.638%;Overcoat:0.192%;
85,RarelyUsed,Seismitoad,0.1494,https://www.pikalytics.com/pokedex/gen8ru/Seismitoad?l=en,HP:105;Atk:95;Def:75;SpA:85;SpD:75;Spe:74;,Earthquake:86.110%;Stealth Rock:71.212%;Knock Off:66.328%;Toxic:58.371%;Scald:51.808%;Liquidation:16.384%;Power Whip:13.248%;Earth Power:10.613%;Ice Punch:9.675%;Other:16.250%;,Leftovers:89.825%;Life Orb:3.087%;Sea Incense:2.498%;Other:4.590%;,water;ground,Water Absorb:92.359%;Swift Swim:7.458%;Poison Touch:0.183%;
86,RarelyUsed,Steelix,0.1478,https://www.pikalytics.com/pokedex/gen8ru/Steelix?l=en,HP:75;Atk:85;Def:200;SpA:55;SpD:65;Spe:30;,Stealth Rock:99.616%;Earthquake:87.984%;Toxic:78.226%;Heavy Slam:54.118%;Body Press:30.901%;Gyro Ball:20.981%;Iron Defense:9.982%;Other:18.191%;,Leftovers:96.584%;Other:3.416%;,steel;ground,Sturdy:89.817%;Rock Head:9.780%;Sheer Force:0.403%;
87,RarelyUsed,Xurkitree,0.14150000000000001,https://www.pikalytics.com/pokedex/gen8ru/Xurkitree?l=en,HP:83;Atk:89;Def:71;SpA:173;SpD:71;Spe:83;,Dazzling Gleam:98.941%;Thunderbolt:97.934%;Energy Ball:91.804%;Volt Switch:88.534%;Zap Cannon:9.396%;Other:13.391%;,Choice Scarf:71.751%;Heavy-Duty Boots:12.289%;Blunder Policy:9.532%;Choice Specs:2.636%;Other:3.792%;,electric,Beast Boost:100.000%;
88,RarelyUsed,Weezing-Galar,0.13949999999999999,https://www.pikalytics.com/pokedex/gen8ru/Weezing-Galar,HP:65;Atk:90;Def:120;SpA:85;SpD:70;Spe:60;,Strange Steam:87.037%;Defog:87.006%;Will-O-Wisp:41.840%;Toxic Spikes:36.878%;Pain Split:32.692%;Rest:30.157%;Sludge Bomb:26.527%;Sleep Talk:25.619%;Corrosive Gas:16.220%;Other:16.023%;,Rocky Helmet:42.967%;Heavy-Duty Boots:31.755%;Black Sludge:23.913%;Other:1.366%;,poison;fairy,Levitate:61.176%;Neutralizing Gas:38.366%;Misty Surge:0.458%;
89,RarelyUsed,Mienshao,0.136,https://www.pikalytics.com/pokedex/gen8ru/Mienshao?l=en,HP:65;Atk:125;Def:60;SpA:95;SpD:60;Spe:105;,U-turn:99.429%;Knock Off:98.172%;Close Combat:97.603%;Stone Edge:86.790%;Other:18.006%;,Choice Scarf:68.251%;Life Orb:19.820%;Assault Vest:8.605%;Other:3.324%;,fighting,Regenerator:98.506%;Reckless:1.091%;Inner Focus:0.403%;
90,RarelyUsed,Cobalion,0.1316,https://www.pikalytics.com/pokedex/gen8ru/Cobalion?l=en,HP:91;Atk:90;Def:129;SpA:90;SpD:72;Spe:108;,Close Combat:93.732%;Iron Head:93.252%;Stealth Rock:66.505%;Volt Switch:56.501%;Swords Dance:35.404%;Stone Edge:21.205%;Rock Polish:6.568%;Toxic:6.253%;Thunder Wave:5.512%;Other:15.068%;,Rocky Helmet:48.901%;Chople Berry:17.825%;Shuca Berry:10.234%;Leftovers:9.369%;Lum Berry:5.825%;Salac Berry:2.437%;Occa Berry:1.827%;Other:3.583%;,steel;fighting,Justified:100.000%;
91,RarelyUsed,Rhyperior,0.1258,https://www.pikalytics.com/pokedex/gen8ru/Rhyperior?l=en,HP:115;Atk:140;Def:130;SpA:55;SpD:55;Spe:40;,Earthquake:99.616%;Stealth Rock:90.505%;Megahorn:56.062%;Stone Edge:51.731%;Rock Blast:47.333%;Protect:19.144%;Swords Dance:13.675%;Toxic:7.634%;Other:14.300%;,Leftovers:89.429%;Choice Band:6.417%;Other:4.154%;,ground;rock,Solid Rock:99.649%;Lightning Rod:0.267%;Reckless:0.084%;
92,RarelyUsed,Gastrodon,0.1245,https://www.pikalytics.com/pokedex/gen8ru/Gastrodon?l=en,HP:111;Atk:83;Def:68;SpA:92;SpD:82;Spe:39;,Recover:99.938%;Earth Power:85.639%;Ice Beam:64.487%;Clear Smog:57.740%;Scald:39.731%;Toxic:37.028%;Other:15.437%;,Heavy-Duty Boots:51.343%;Leftovers:47.285%;Other:1.372%;,water;ground,Storm Drain:98.148%;Sticky Hold:1.754%;Sand Force:0.098%;
93,RarelyUsed,Suicune,0.1195,https://www.pikalytics.com/pokedex/gen8ru/Suicune?l=en,HP:100;Atk:75;Def:115;SpA:90;SpD:115;Spe:85;,Scald:84.167%;Substitute:81.095%;Calm Mind:74.840%;Protect:57.523%;Toxic:25.357%;Ice Beam:25.218%;Rest:16.639%;Sleep Talk:15.491%;Other:19.669%;,Leftovers:99.389%;Other:0.611%;,water,Pressure:99.232%;Inner Focus:0.768%;
94,RarelyUsed,Stakataka,0.1162,https://www.pikalytics.com/pokedex/gen8ru/Stakataka?l=en,HP:61;Atk:131;Def:211;SpA:53;SpD:101;Spe:13;,Gyro Ball:99.400%;Stealth Rock:83.452%;Body Press:83.280%;Toxic:56.499%;Stone Edge:31.658%;Earthquake:23.293%;Trick Room:13.714%;Other:8.704%;,Leftovers:77.926%;Focus Sash:7.303%;Life Orb:6.671%;Air Balloon:3.206%;Other:4.894%;,rock;steel,Beast Boost:100.000%;
95,RarelyUsed,Toxtricity,0.1091,https://www.pikalytics.com/pokedex/gen8ru/Toxtricity?l=en,HP:75;Atk:98;Def:70;SpA:114;SpD:70;Spe:75;,Boomburst:99.744%;Overdrive:99.100%;Volt Switch:68.735%;Snarl:42.671%;Shift Gear:31.181%;Sludge Bomb:19.493%;Sludge Wave:18.853%;Drain Punch:18.134%;Other:2.089%;,Choice Specs:64.405%;Life Orb:18.651%;Throat Spray:12.664%;Other:4.280%;,electric;poison,Punk Rock:99.991%;Technician:0.009%;Plus:0.000%;Minus:0.000%;
96,RarelyUsed,Golisopod,0.10800000000000001,https://www.pikalytics.com/pokedex/gen8ru/Golisopod?l=en,HP:75;Atk:125;Def:140;SpA:60;SpD:90;Spe:40;,First Impression:99.984%;Knock Off:77.200%;Spikes:69.471%;Aqua Jet:54.782%;Liquidation:46.044%;Close Combat:26.014%;Leech Life:25.852%;Other:0.652%;,Heavy-Duty Boots:98.406%;Other:1.594%;,bug;water,Emergency Exit:100.000%;
97,RarelyUsed,Chandelure,0.1074,https://www.pikalytics.com/pokedex/gen8ru/Chandelure?l=en,HP:60;Atk:55;Def:90;SpA:145;SpD:90;Spe:80;,Shadow Ball:79.274%;Energy Ball:71.203%;Trick:62.553%;Fire Blast:55.388%;Flamethrower:36.794%;Hex:21.037%;Overheat:18.407%;Toxic:15.787%;Protect:12.577%;Will-O-Wisp:7.163%;Other:19.818%;,Choice Scarf:46.114%;Heavy-Duty Boots:26.927%;Choice Specs:24.239%;Other:2.721%;,ghost;fire,Flash Fire:81.784%;Infiltrator:17.540%;Flame Body:0.676%;
98,RarelyUsed,Metagross,0.1066,https://www.pikalytics.com/pokedex/gen8ru/Metagross?l=en,HP:80;Atk:135;Def:130;SpA:95;SpD:90;Spe:70;,Earthquake:96.295%;Meteor Mash:93.334%;Bullet Punch:47.451%;Stealth Rock:39.710%;Toxic:38.722%;Zen Headbutt:30.894%;Ice Punch:11.399%;Trick:9.498%;Agility:6.722%;Thunder Punch:4.172%;Endure:3.670%;Other:18.133%;,Leftovers:44.317%;Choice Band:27.183%;Choice Scarf:9.165%;Custap Berry:5.996%;Weakness Policy:5.379%;Assault Vest:2.644%;Shuca Berry:1.609%;Other:3.707%;,steel;psychic,Clear Body:99.997%;Light Metal:0.003%;
99,RarelyUsed,Heracross,0.1012,https://www.pikalytics.com/pokedex/gen8ru/Heracross?l=en,HP:80;Atk:125;Def:75;SpA:40;SpD:95;Spe:85;,Close Combat:99.384%;Knock Off:94.839%;Megahorn:68.538%;Facade:49.949%;Stone Edge:40.728%;Spikes:14.411%;Earthquake:10.388%;Swords Dance:8.228%;Other:13.537%;,Flame Orb:43.322%;Choice Scarf:35.152%;Salac Berry:7.627%;Focus Sash:5.689%;Expert Belt:3.505%;Other:4.704%;,bug;fighting,Guts:59.935%;Moxie:39.761%;Swarm:0.303%;
100,NeverUsed,Copperajah,0.261,https://www.pikalytics.com/pokedex/gen8nu/Copperajah?l=en,HP:122;Atk:130;Def:69;SpA:80;SpD:69;Spe:30;,Heavy Slam:97.187%;Power Whip:92.409%;Heat Crash:81.580%;Stealth Rock:48.597%;Stone Edge:31.512%;Earthquake:15.886%;Curse:12.101%;Superpower:5.476%;Other:15.252%;,Leftovers:52.252%;Assault Vest:41.657%;Choice Band:2.347%;Other:3.745%;,steel,Heavy Metal:94.433%;Sheer Force:5.567%;
101,NeverUsed,Vaporeon,0.2548,https://www.pikalytics.com/pokedex/gen8nu/Vaporeon?l=en,HP:130;Atk:65;Def:60;SpA:110;SpD:95;Spe:65;,Wish:99.308%;Protect:99.177%;Scald:97.260%;Heal Bell:85.553%;Other:18.702%;,Leftovers:71.924%;Heavy-Duty Boots:27.988%;Other:0.087%;,water,Water Absorb:100.000%;Hydration:0.000%;
102,NeverUsed,Rotom-Mow,0.2113,https://www.pikalytics.com/pokedex/gen8nu/Rotom-Mow,HP:50;Atk:65;Def:107;SpA:105;SpD:107;Spe:86;,Leaf Storm:99.407%;Volt Switch:98.775%;Defog:58.081%;Trick:47.688%;Nasty Plot:35.831%;Thunderbolt:32.774%;Will-O-Wisp:13.713%;Other:13.730%;,Choice Scarf:54.521%;Heavy-Duty Boots:28.239%;Leftovers:9.265%;:4.006%;Other:3.969%;,electric;grass,Levitate:100.000%;
103,NeverUsed,Drapion,0.2097,https://www.pikalytics.com/pokedex/gen8nu/Drapion?l=en,HP:70;Atk:90;Def:110;SpA:60;SpD:75;Spe:95;,Knock Off:96.477%;Poison Jab:92.567%;Earthquake:92.378%;Swords Dance:74.895%;Toxic Spikes:18.325%;Taunt:4.280%;Rest:2.836%;Other:18.243%;,Black Sludge:69.919%;Shuca Berry:21.716%;Choice Scarf:3.753%;Other:4.612%;,poison;dark,Battle Armor:59.173%;Sniper:40.781%;Keen Eye:0.046%;
104,NeverUsed,Flygon,0.20679999999999998,https://www.pikalytics.com/pokedex/gen8nu/Flygon?l=en,HP:80;Atk:100;Def:80;SpA:80;SpD:80;Spe:100;,Earthquake:98.746%;U-turn:81.286%;Dragon Claw:54.736%;Defog:26.642%;Roost:25.837%;Stone Edge:24.550%;Outrage:21.133%;Toxic:13.480%;Fire Punch:12.884%;Throat Chop:12.878%;First Impression:10.708%;Other:17.119%;,Choice Scarf:50.684%;Leftovers:12.599%;Choice Band:12.306%;Rocky Helmet:11.623%;Lum Berry:7.171%;Life Orb:3.219%;Other:2.398%;,ground;dragon,Levitate:100.000%;
105,NeverUsed,Talonflame,0.19690000000000002,https://www.pikalytics.com/pokedex/gen8nu/Talonflame?l=en,HP:78;Atk:81;Def:71;SpA:74;SpD:69;Spe:126;,Roost:87.556%;Brave Bird:82.926%;Defog:74.270%;Will-O-Wisp:28.556%;Flare Blitz:26.910%;Taunt:26.045%;U-turn:21.885%;Toxic:20.229%;Swords Dance:8.197%;Hurricane:6.497%;Other:16.928%;,Heavy-Duty Boots:90.475%;Choice Specs:6.493%;Other:3.032%;,fire;flying,Flame Body:89.484%;Gale Wings:10.516%;
106,NeverUsed,Sylveon,0.17190000000000003,https://www.pikalytics.com/pokedex/gen8nu/Sylveon?l=en,HP:95;Atk:65;Def:65;SpA:110;SpD:130;Spe:60;,Wish:79.127%;Protect:77.578%;Hyper Voice:62.425%;Heal Bell:57.651%;Moonblast:43.314%;Mystical Fire:40.491%;Psyshock:11.484%;Shadow Ball:10.769%;Other:17.160%;,Leftovers:81.577%;Choice Specs:16.169%;Other:2.254%;,fairy,Pixilate:62.566%;Cute Charm:37.434%;
107,NeverUsed,Sandslash-Alola,0.165,https://www.pikalytics.com/pokedex/gen8nu/Sandslash-Alola,HP:75;Atk:100;Def:120;SpA:25;SpD:65;Spe:65;,Earthquake:96.076%;Triple Axel:94.424%;Knock Off:92.377%;Rapid Spin:62.094%;Swords Dance:43.739%;Other:11.289%;,Wide Lens:69.291%;Life Orb:23.557%;Shuca Berry:3.482%;Other:3.670%;,ice;steel,Slush Rush:99.485%;Snow Cloak:0.515%;
108,NeverUsed,Mudsdale,0.16149999999999998,https://www.pikalytics.com/pokedex/gen8nu/Mudsdale?l=en,HP:100;Atk:125;Def:100;SpA:55;SpD:85;Spe:35;,Earthquake:98.479%;Stealth Rock:95.122%;Toxic:88.094%;Smack Down:42.069%;Body Press:26.308%;Protect:18.361%;Roar:9.896%;Rest:7.914%;Other:13.757%;,Leftovers:95.318%;Other:4.682%;,ground,Stamina:98.691%;Own Tempo:1.308%;Inner Focus:0.001%;
109,NeverUsed,Dragalge,0.1612,https://www.pikalytics.com/pokedex/gen8nu/Dragalge?l=en,HP:65;Atk:75;Def:90;SpA:97;SpD:123;Spe:44;,Draco Meteor:98.800%;Flip Turn:97.542%;Sludge Bomb:87.560%;Toxic Spikes:78.315%;Sludge Wave:12.394%;Scald:11.994%;Other:13.396%;,Black Sludge:78.742%;Heavy-Duty Boots:10.968%;Choice Specs:8.635%;Other:1.655%;,poison;dragon,Adaptability:99.841%;Poison Point:0.151%;Poison Touch:0.008%;
110,NeverUsed,Decidueye,0.1605,https://www.pikalytics.com/pokedex/gen8nu/Decidueye?l=en,HP:78;Atk:107;Def:75;SpA:100;SpD:100;Spe:70;,Leaf Blade:77.894%;Swords Dance:76.200%;Shadow Sneak:73.243%;Poltergeist:68.883%;Spirit Shackle:23.039%;Defog:16.290%;Sucker Punch:13.202%;U-turn:11.202%;Knock Off:11.142%;Leaf Storm:7.782%;Roost:6.163%;Other:14.958%;,Spell Tag:48.670%;Heavy-Duty Boots:21.367%;Life Orb:17.907%;:4.323%;Choice Specs:3.192%;Other:4.542%;,grass;ghost,Long Reach:71.201%;Overgrow:28.799%;
111,NeverUsed,Vanilluxe,0.15380000000000002,https://www.pikalytics.com/pokedex/gen8nu/Vanilluxe?l=en,HP:71;Atk:95;Def:85;SpA:110;SpD:95;Spe:79;,Freeze-Dry:99.959%;Ice Shard:97.969%;Explosion:87.445%;Blizzard:77.027%;Protect:23.195%;Other:14.406%;,Icy Rock:99.618%;Other:0.382%;,ice,Snow Warning:99.997%;Weak Armor:0.003%;Ice Body:0.000%;
112,NeverUsed,Aurorus,0.15039999999999998,https://www.pikalytics.com/pokedex/gen8nu/Aurorus?l=en,HP:123;Atk:77;Def:72;SpA:99;SpD:92;Spe:58;,Earth Power:98.016%;Blizzard:97.253%;Stealth Rock:94.654%;Encore:75.326%;Thunder Wave:23.839%;Other:10.912%;,Focus Sash:98.977%;Other:1.023%;,rock;ice,Snow Warning:100.000%;Refrigerate:0.000%;
113,NeverUsed,Arctovish,0.1435,https://www.pikalytics.com/pokedex/gen8nu/Arctovish?l=en,HP:90;Atk:90;Def:100;SpA:80;SpD:90;Spe:55;,Fishious Rend:100.000%;Icicle Crash:96.401%;Freeze-Dry:95.555%;Psychic Fangs:77.176%;Rock Slide:9.200%;Substitute:8.758%;Other:12.910%;,Choice Band:72.706%;Life Orb:18.464%;Leftovers:8.739%;Other:0.091%;,water;ice,Slush Rush:91.808%;Water Absorb:8.192%;Ice Body:0.000%;
114,NeverUsed,Bronzong,0.1435,https://www.pikalytics.com/pokedex/gen8nu/Bronzong?l=en,HP:67;Atk:89;Def:116;SpA:79;SpD:116;Spe:33;,Stealth Rock:86.444%;Toxic:75.361%;Protect:45.016%;Body Press:39.126%;Earthquake:36.789%;Gyro Ball:31.052%;Psychic:26.006%;Heavy Slam:19.747%;Iron Defense:9.890%;Iron Head:6.977%;Explosion:4.437%;Other:19.153%;,Leftovers:93.067%;:1.862%;Mental Herb:0.857%;Other:4.214%;,steel;psychic,Levitate:70.246%;Heatproof:29.743%;Heavy Metal:0.011%;
115,NeverUsed,Salazzle,0.1376,https://www.pikalytics.com/pokedex/gen8nu/Salazzle?l=en,HP:68;Atk:64;Def:60;SpA:111;SpD:60;Spe:117;,Flamethrower:83.557%;Nasty Plot:72.874%;Toxic:51.781%;Sludge Wave:46.040%;Sludge Bomb:43.891%;Dragon Pulse:32.961%;Fire Blast:14.311%;Encore:13.835%;Knock Off:12.977%;Protect:11.496%;Other:16.278%;,Heavy-Duty Boots:68.991%;Focus Sash:18.741%;Black Sludge:9.007%;Other:3.261%;,poison;fire,Corrosion:93.961%;Oblivious:6.039%;
116,NeverUsed,Escavalier,0.1282,https://www.pikalytics.com/pokedex/gen8nu/Escavalier?l=en,HP:70;Atk:135;Def:105;SpA:60;SpD:105;Spe:20;,Knock Off:92.339%;Megahorn:76.743%;Iron Head:58.243%;Protect:57.184%;Toxic:55.083%;Close Combat:30.021%;Swords Dance:14.535%;Other:15.851%;,Leftovers:71.989%;Choice Band:15.999%;Assault Vest:10.690%;Other:1.322%;,bug;steel,Overcoat:90.601%;Swarm:7.020%;Shell Armor:2.379%;
117,NeverUsed,Golisopod,0.1094,https://www.pikalytics.com/pokedex/gen8nu/Golisopod?l=en,HP:75;Atk:125;Def:140;SpA:60;SpD:90;Spe:40;,First Impression:96.172%;Liquidation:80.453%;Spikes:73.190%;Knock Off:70.036%;Leech Life:31.418%;Aqua Jet:24.949%;Close Combat:7.294%;Other:16.487%;,Heavy-Duty Boots:92.572%;Choice Band:2.802%;Other:4.626%;,bug;water,Emergency Exit:100.000%;
118,NeverUsed,Sirfetch'd,0.10830000000000001,https://www.pikalytics.com/pokedex/gen8nu/Sirfetch'd?l=en,,Close Combat:99.932%;Knock Off:92.170%;First Impression:89.426%;Brave Bird:67.431%;Steel Wing:22.131%;Poison Jab:9.114%;Other:19.796%;,Leek:56.711%;Choice Band:39.406%;Other:3.883%;,,Scrappy:99.512%;Steadfast:0.488%;
119,NeverUsed,Braviary,0.10310000000000001,https://www.pikalytics.com/pokedex/gen8nu/Braviary?l=en,HP:100;Atk:123;Def:75;SpA:57;SpD:75;Spe:80;,Brave Bird:99.047%;Close Combat:77.499%;Roost:72.852%;Bulk Up:42.055%;Defog:26.097%;U-turn:22.816%;Substitute:20.670%;Toxic:17.328%;Iron Head:9.326%;Other:12.309%;,Heavy-Duty Boots:63.245%;Choice Scarf:22.113%;Leftovers:14.276%;Other:0.366%;,normal;flying,Defiant:99.689%;Sheer Force:0.206%;Keen Eye:0.105%;
120,PU,Talonflame,0.34409999999999996,https://www.pikalytics.com/pokedex/gen8pu/Talonflame?l=en,HP:78;Atk:81;Def:71;SpA:74;SpD:69;Spe:126;,Roost:96.901%;Brave Bird:73.749%;Defog:58.755%;U-turn:46.880%;Flare Blitz:38.296%;Will-O-Wisp:29.907%;Toxic:28.743%;Swords Dance:11.853%;Other:14.915%;,Heavy-Duty Boots:98.879%;Other:1.121%;,fire;flying,Flame Body:91.234%;Gale Wings:8.766%;
121,PU,Vaporeon,0.203,https://www.pikalytics.com/pokedex/gen8pu/Vaporeon?l=en,HP:130;Atk:65;Def:60;SpA:110;SpD:95;Spe:65;,Wish:96.744%;Protect:95.267%;Scald:92.983%;Heal Bell:53.107%;Flip Turn:25.723%;Toxic:10.909%;Roar:7.223%;Other:18.044%;,Leftovers:90.732%;Heavy-Duty Boots:6.997%;Other:2.272%;,water,Water Absorb:99.907%;Hydration:0.093%;
122,PU,Togedemaru,0.18230000000000002,https://www.pikalytics.com/pokedex/gen8pu/Togedemaru?l=en,HP:65;Atk:98;Def:63;SpA:40;SpD:73;Spe:96;,Iron Head:99.265%;U-turn:98.399%;Zing Zap:72.920%;Toxic:37.974%;Spiky Shield:27.418%;Wish:24.427%;Zen Headbutt:15.851%;Nuzzle:10.415%;Other:13.330%;,Choice Scarf:68.813%;Leftovers:18.565%;Heavy-Duty Boots:8.090%;Other:4.532%;,electric;steel,Lightning Rod:64.244%;Iron Barbs:35.163%;Sturdy:0.593%;
123,PU,Weezing,0.1532,https://www.pikalytics.com/pokedex/gen8pu/Weezing?l=en,HP:65;Atk:90;Def:120;SpA:85;SpD:70;Spe:60;,Sludge Bomb:96.423%;Toxic Spikes:93.723%;Pain Split:71.113%;Will-O-Wisp:61.731%;Flamethrower:28.630%;Rest:19.739%;Haze:8.175%;Fire Blast:6.871%;Other:13.596%;,Black Sludge:74.328%;Rocky Helmet:24.947%;Other:0.726%;,poison,Levitate:61.013%;Neutralizing Gas:38.986%;Stench:0.000%;
124,PU,Whimsicott,0.1441,https://www.pikalytics.com/pokedex/gen8pu/Whimsicott?l=en,HP:60;Atk:67;Def:85;SpA:77;SpD:75;Spe:116;,Moonblast:98.124%;U-turn:62.470%;Energy Ball:55.113%;Defog:35.699%;Switcheroo:32.311%;Psychic:31.144%;Encore:20.766%;Giga Drain:11.898%;Knock Off:10.572%;Nature Power:8.881%;Leech Seed:5.856%;Hurricane:4.935%;Tailwind:4.385%;Other:17.844%;,Choice Specs:57.680%;Heavy-Duty Boots:32.816%;Leftovers:4.664%;Other:4.839%;,grass;fairy,Prankster:66.732%;Infiltrator:30.447%;Chlorophyll:2.821%;
125,PU,Sandaconda,0.1367,https://www.pikalytics.com/pokedex/gen8pu/Sandaconda?l=en,HP:72;Atk:107;Def:125;SpA:65;SpD:70;Spe:71;,Earthquake:99.425%;Rest:80.915%;Stealth Rock:75.628%;Glare:62.865%;Stone Edge:35.468%;Coil:23.788%;Rock Slide:5.941%;Other:15.970%;,Rocky Helmet:61.887%;Leftovers:35.692%;Other:2.421%;,ground,Shed Skin:97.274%;Sand Spit:2.628%;Sand Veil:0.097%;
126,PU,Gigalith,0.1323,https://www.pikalytics.com/pokedex/gen8pu/Gigalith?l=en,HP:85;Atk:135;Def:130;SpA:60;SpD:80;Spe:25;,Stealth Rock:93.919%;Rock Blast:82.604%;Protect:63.575%;Earthquake:63.457%;Toxic:50.514%;Stone Edge:16.181%;Explosion:7.892%;Rest:6.017%;Other:15.843%;,Leftovers:85.722%;Smooth Rock:7.526%;Choice Band:2.432%;Other:4.320%;,rock,Sand Stream:96.618%;Sturdy:3.211%;Sand Force:0.172%;
127,PU,Virizion,0.1316,https://www.pikalytics.com/pokedex/gen8pu/Virizion?l=en,HP:91;Atk:90;Def:72;SpA:90;SpD:129;Spe:108;,Close Combat:81.680%;Stone Edge:67.733%;Leaf Storm:45.567%;Leaf Blade:38.791%;Swords Dance:35.914%;Air Slash:31.508%;Zen Headbutt:22.245%;Synthesis:18.134%;Giga Drain:17.308%;Focus Blast:16.331%;Calm Mind:14.822%;Other:9.966%;,Life Orb:81.603%;Leftovers:7.692%;Choice Scarf:4.402%;Lum Berry:2.882%;Other:3.421%;,grass;fighting,Justified:100.000%;
128,PU,Mesprit,0.1099,https://www.pikalytics.com/pokedex/gen8pu/Mesprit?l=en,HP:80;Atk:105;Def:105;SpA:105;SpD:105;Spe:80;,Psychic:77.467%;Dazzling Gleam:59.323%;Healing Wish:54.470%;U-turn:52.646%;Stealth Rock:24.568%;Trick:19.259%;Ice Beam:15.429%;Psyshock:14.135%;Nasty Plot:12.702%;Thunderbolt:11.478%;Shadow Ball:8.193%;Calm Mind:8.030%;Imprison:4.501%;Knock Off:4.031%;Energy Ball:3.907%;Stored Power:3.526%;Rain Dance:3.500%;Substitute:3.273%;Other:19.559%;,Choice Scarf:36.453%;Colbur Berry:22.909%;Choice Specs:12.787%;Leftovers:9.093%;Focus Sash:4.508%;Damp Rock:3.500%;:3.118%;Life Orb:2.206%;Weakness Policy:1.701%;Other:3.725%;,psychic,Levitate:100.000%;
129,PU,Palossand,0.1085,https://www.pikalytics.com/pokedex/gen8pu/Palossand?l=en,HP:85;Atk:75;Def:110;SpA:100;SpD:75;Spe:35;,Shore Up:97.907%;Stealth Rock:92.320%;Earth Power:65.567%;Shadow Ball:60.202%;Toxic:53.681%;Scorching Sands:25.103%;Other:5.221%;,Colbur Berry:74.778%;Rocky Helmet:13.328%;Leftovers:7.503%;Other:4.391%;,ghost;ground,Water Compaction:94.271%;Sand Veil:5.729%;
130,PU,Toxicroak,0.106,https://www.pikalytics.com/pokedex/gen8pu/Toxicroak?l=en,HP:83;Atk:106;Def:65;SpA:86;SpD:65;Spe:85;,Nasty Plot:75.956%;Shadow Ball:70.533%;Vacuum Wave:68.026%;Sludge Bomb:54.022%;Drain Punch:23.977%;Sludge Wave:21.942%;Swords Dance:21.429%;Gunk Shot:20.833%;Sucker Punch:19.648%;Focus Blast:9.832%;Other:13.800%;,Life Orb:80.806%;Black Sludge:16.219%;Other:2.975%;,poison;fighting,Dry Skin:99.485%;Anticipation:0.326%;Poison Touch:0.189%;
131,PU,Garbodor,0.1015,https://www.pikalytics.com/pokedex/gen8pu/Garbodor?l=en,HP:80;Atk:95;Def:82;SpA:60;SpD:82;Spe:75;,Gunk Shot:90.176%;Spikes:85.690%;Stomping Tantrum:78.848%;Pain Split:57.510%;Toxic Spikes:30.115%;Corrosive Gas:28.671%;Toxic:14.900%;Other:14.090%;,Rocky Helmet:55.119%;Black Sludge:42.842%;Other:2.039%;,poison,Aftermath:99.661%;Stench:0.293%;Weak Armor:0.047%;
132,PU,Silvally-Steel,0.1008,https://www.pikalytics.com/pokedex/gen8pu/Silvally-Steel,HP:95;Atk:95;Def:95;SpA:95;SpD:95;Spe:95;,Multi-Attack:95.852%;Parting Shot:80.041%;Defog:68.524%;Flamethrower:62.567%;Toxic:28.082%;Rock Slide:19.361%;Swords Dance:14.316%;Flame Charge:8.827%;U-turn:8.432%;Other:13.998%;,Steel Memory:100.000%;,steel,RKS System:100.000%;
133,PU,Aromatisse,0.10060000000000001,https://www.pikalytics.com/pokedex/gen8pu/Aromatisse?l=en,HP:101;Atk:72;Def:72;SpA:99;SpD:89;Spe:29;,Moonblast:99.692%;Wish:95.850%;Protect:93.129%;Heal Bell:63.388%;Aromatherapy:29.138%;Other:18.803%;,Leftovers:57.856%;Heavy-Duty Boots:37.934%;Other:4.211%;,fairy,Aroma Veil:97.795%;Healer:2.205%;
134,PU,Passimian,0.0953,https://www.pikalytics.com/pokedex/gen8pu/Passimian?l=en,HP:100;Atk:120;Def:90;SpA:40;SpD:60;Spe:80;,Close Combat:99.942%;U-turn:99.011%;Knock Off:94.181%;Rock Slide:48.485%;Gunk Shot:31.312%;Earthquake:17.680%;Other:9.389%;,Choice Scarf:91.787%;Choice Band:5.782%;Other:2.431%;,fighting,Defiant:94.965%;Receiver:5.035%;
135,PU,Magneton,0.09480000000000001,https://www.pikalytics.com/pokedex/gen8pu/Magneton?l=en,HP:50;Atk:60;Def:95;SpA:120;SpD:70;Spe:70;,Flash Cannon:99.910%;Thunderbolt:99.653%;Volt Switch:99.394%;Teleport:48.547%;Toxic:46.980%;Other:5.517%;,Eviolite:49.829%;Choice Scarf:46.942%;Other:3.229%;,electric;steel,Analytic:98.267%;Magnet Pull:1.583%;Sturdy:0.150%;
136,PU,Tsareena,0.09380000000000001,https://www.pikalytics.com/pokedex/gen8pu/Tsareena?l=en,HP:72;Atk:120;Def:98;SpA:50;SpD:98;Spe:72;,Power Whip:92.193%;Knock Off:86.335%;U-turn:79.485%;Rapid Spin:69.497%;Zen Headbutt:24.500%;High Jump Kick:15.749%;Triple Axel:10.557%;Synthesis:9.308%;Other:12.375%;,Heavy-Duty Boots:39.638%;Choice Scarf:36.440%;Assault Vest:11.245%;Leftovers:6.726%;Choice Band:2.780%;Other:3.172%;,grass,Queenly Majesty:97.681%;Leaf Guard:2.140%;Sweet Veil:0.179%;
137,PU,Lanturn,0.0907,https://www.pikalytics.com/pokedex/gen8pu/Lanturn?l=en,HP:125;Atk:58;Def:58;SpA:76;SpD:76;Spe:67;,Volt Switch:98.366%;Scald:97.107%;Toxic:72.352%;Protect:47.661%;Heal Bell:41.574%;Rest:10.084%;Sleep Talk:8.277%;Ice Beam:8.180%;Other:16.399%;,Leftovers:83.496%;Heavy-Duty Boots:8.728%;Assault Vest:5.109%;Other:2.667%;,water;electric,Volt Absorb:95.389%;Water Absorb:4.604%;Illuminate:0.007%;
138,PU,Heliolisk,0.0892,https://www.pikalytics.com/pokedex/gen8pu/Heliolisk?l=en,HP:62;Atk:55;Def:52;SpA:109;SpD:94;Spe:109;,Volt Switch:96.126%;Hyper Voice:94.354%;Thunderbolt:87.715%;Surf:62.622%;Grass Knot:33.685%;Dark Pulse:5.516%;Other:19.981%;,Choice Specs:44.198%;Heavy-Duty Boots:27.501%;Choice Scarf:15.474%;Life Orb:9.699%;Other:3.128%;,electric;normal,Dry Skin:91.901%;Sand Veil:4.360%;Solar Power:3.739%;
139,PU,Omastar,0.0889,https://www.pikalytics.com/pokedex/gen8pu/Omastar?l=en,HP:70;Atk:60;Def:125;SpA:115;SpD:70;Spe:55;,Ice Beam:97.374%;Shell Smash:85.525%;Meteor Beam:75.653%;Surf:53.304%;Hydro Pump:40.765%;Spikes:14.184%;Stealth Rock:14.032%;Other:19.164%;,Power Herb:75.653%;Leftovers:14.249%;Focus Sash:6.403%;Other:3.696%;,rock;water,Weak Armor:87.031%;Swift Swim:6.919%;Shell Armor:6.049%;
140,VGC 2019 Ultra Series,Incineroar,0.7646999999999999,https://www.pikalytics.com/pokedex/vgc2019ultra/Incineroar?l=en,HP:95;Atk:115;Def:90;SpA:80;SpD:90;Spe:60;,Fake Out:99.958%;U-turn:99.586%;Flare Blitz:81.283%;Snarl:34.543%;Throat Chop:21.147%;Knock Off:19.821%;Darkest Lariat:17.230%;Protect:14.688%;Other:11.745%;,Assault Vest:42.072%;Figy Berry:31.720%;Incinium Z:12.256%;Aguav Berry:5.770%;Iapapa Berry:3.375%;Other:4.809%;,fire;dark,Intimidate:99.873%;Blaze:0.127%;
141,VGC 2019 Ultra Series,Groudon-Primal,0.5743,https://www.pikalytics.com/pokedex/vgc2019ultra/Groudon-Primal,HP:100;Atk:180;Def:160;SpA:150;SpD:90;Spe:90;,Protect:99.789%;Precipice Blades:88.448%;Fire Punch:78.704%;Swords Dance:37.951%;Earth Power:23.666%;Eruption:21.377%;Roar:18.207%;Dragon Claw:12.446%;Other:19.411%;,Red Orb:100.000%;,ground;fire,Desolate Land:100.000%;
142,VGC 2019 Ultra Series,Xerneas,0.39159999999999995,https://www.pikalytics.com/pokedex/vgc2019ultra/Xerneas?l=en,HP:126;Atk:131;Def:95;SpA:131;SpD:98;Spe:99;,Protect:99.947%;Dazzling Gleam:99.904%;Moonblast:99.900%;Geomancy:99.869%;,Power Herb:99.812%;Other:0.188%;,fairy,Fairy Aura:100.000%;
143,VGC 2019 Ultra Series,Tapu%20Fini,0.3912,https://www.pikalytics.com/pokedex/vgc2019ultra/Tapu%20Fini?l=en,HP:70;Atk:75;Def:115;SpA:95;SpD:130;Spe:85;,Nature's Madness:81.447%;Icy Wind:69.512%;Haze:46.783%;Heal Pulse:37.037%;Light Screen:34.050%;Gravity:29.831%;Scald:23.478%;Protect:22.847%;Moonblast:20.766%;Taunt:15.054%;Other:19.195%;,Wiki Berry:62.814%;Sitrus Berry:9.488%;Aguav Berry:8.900%;Waterium Z:6.118%;Fairium Z:5.349%;Tapunium Z:3.555%;Other:3.777%;,water;fairy,Misty Surge:100.000%;
144,VGC 2019 Ultra Series,Tapu%20Koko,0.3583,https://www.pikalytics.com/pokedex/vgc2019ultra/Tapu%20Koko?l=en,HP:70;Atk:115;Def:85;SpA:95;SpD:75;Spe:130;,Volt Switch:81.566%;Protect:69.891%;Dazzling Gleam:59.738%;Thunderbolt:39.769%;Nature's Madness:38.603%;Electroweb:22.543%;Light Screen:21.052%;Wild Charge:18.414%;Sky Drop:16.645%;Thunder:15.586%;Other:16.193%;,Fairium Z:30.594%;Electrium Z:21.334%;Tapunium Z:17.835%;Assault Vest:13.723%;Choice Specs:9.876%;Light Clay:2.011%;Other:4.627%;,electric;fairy,Electric Surge:100.000%;
145,VGC 2019 Ultra Series,Salamence-Mega,0.2826,https://www.pikalytics.com/pokedex/vgc2019ultra/Salamence-Mega?l=en,HP:95;Atk:145;Def:130;SpA:120;SpD:90;Spe:120;,Tailwind:98.436%;Double-Edge:97.286%;Protect:82.647%;Hyper Voice:57.201%;Draco Meteor:36.475%;Earthquake:23.343%;Other:4.612%;,Salamencite:100.000%;,dragon;flying,Aerilate:100.000%;
146,VGC 2019 Ultra Series,Rayquaza-Mega,0.2504,https://www.pikalytics.com/pokedex/vgc2019ultra/Rayquaza-Mega?l=en,HP:105;Atk:180;Def:100;SpA:180;SpD:100;Spe:115;,Dragon Ascent:100.000%;Extreme Speed:93.013%;Protect:73.243%;Earth Power:46.856%;Swords Dance:33.758%;Crunch:21.035%;Waterfall:10.104%;Tailwind:7.529%;Other:14.461%;,Life Orb:20.146%;Focus Sash:19.100%;Assault Vest:15.340%;Aguav Berry:15.053%;Choice Band:10.652%;Figy Berry:8.236%;Iapapa Berry:6.867%;Other:4.606%;,dragon;flying,Delta Stream:100.000%;
147,VGC 2019 Ultra Series,Kyogre-Primal,0.233,https://www.pikalytics.com/pokedex/vgc2019ultra/Kyogre-Primal,HP:100;Atk:150;Def:90;SpA:180;SpD:160;Spe:90;,Protect:99.085%;Ice Beam:97.960%;Water Spout:92.795%;Origin Pulse:55.923%;Scald:44.247%;Other:9.989%;,Blue Orb:100.000%;,water,Primordial Sea:100.000%;
148,VGC 2019 Ultra Series,Stakataka,0.2175,https://www.pikalytics.com/pokedex/vgc2019ultra/Stakataka?l=en,HP:61;Atk:131;Def:211;SpA:53;SpD:101;Spe:13;,Gyro Ball:99.969%;Trick Room:99.763%;Wide Guard:50.446%;Rock Slide:34.374%;Gravity:33.600%;Protect:25.991%;Substitute:25.368%;Stone Edge:17.257%;Other:13.230%;,Shuca Berry:47.942%;Life Orb:28.636%;Rockium Z:17.422%;Figy Berry:2.653%;Other:3.347%;,rock;steel,Beast Boost:100.000%;
149,VGC 2019 Ultra Series,Amoonguss,0.19899999999999998,https://www.pikalytics.com/pokedex/vgc2019ultra/Amoonguss?l=en,HP:114;Atk:85;Def:70;SpA:85;SpD:80;Spe:30;,Rage Powder:99.910%;Spore:99.639%;Protect:82.465%;Clear Smog:62.975%;Grass Knot:31.294%;Foul Play:21.333%;Other:2.384%;,Focus Sash:76.947%;Occa Berry:10.358%;Red Card:6.571%;Coba Berry:2.664%;Other:3.460%;,grass;poison,Regenerator:77.161%;Effect Spore:22.839%;
150,VGC 2019 Ultra Series,Tapu%20Lele,0.16579999999999998,https://www.pikalytics.com/pokedex/vgc2019ultra/Tapu%20Lele?l=en,HP:70;Atk:85;Def:75;SpA:130;SpD:115;Spe:95;,Moonblast:98.671%;Magic Room:84.005%;Psychic:76.142%;Nature's Madness:36.783%;Dazzling Gleam:33.968%;Psyshock:27.957%;Shadow Ball:15.243%;Skill Swap:9.324%;Other:17.907%;,Choice Scarf:94.248%;Focus Sash:3.012%;Other:2.740%;,psychic;fairy,Psychic Surge:100.000%;
151,VGC 2019 Ultra Series,Gengar-Mega,0.1485,https://www.pikalytics.com/pokedex/vgc2019ultra/Gengar-Mega?l=en,HP:60;Atk:65;Def:80;SpA:170;SpD:95;Spe:130;,Protect:99.875%;Perish Song:74.239%;Substitute:73.953%;Shadow Ball:55.170%;Sludge Bomb:52.243%;Taunt:14.257%;:12.568%;Other:17.696%;,Gengarite:100.000%;,ghost;poison,Shadow Tag:100.000%;
152,VGC 2019 Ultra Series,Lunala,0.1439,https://www.pikalytics.com/pokedex/vgc2019ultra/Lunala?l=en,HP:137;Atk:113;Def:89;SpA:137;SpD:107;Spe:97;,Moongeist Beam:99.999%;Psyshock:64.590%;Wide Guard:58.417%;Tailwind:42.895%;Protect:42.523%;Trick Room:36.326%;Ice Beam:16.414%;Magic Room:13.551%;Roar:12.853%;Other:12.431%;,Lunalium Z:68.869%;Choice Scarf:15.262%;Colbur Berry:8.436%;Kasib Berry:6.321%;Other:1.112%;,psychic;ghost,Shadow Shield:100.000%;
153,VGC 2019 Ultra Series,Yveltal,0.1399,https://www.pikalytics.com/pokedex/vgc2019ultra/Yveltal?l=en,HP:126;Atk:131;Def:95;SpA:131;SpD:98;Spe:99;,Foul Play:96.662%;Protect:89.920%;Snarl:89.717%;Sucker Punch:75.729%;Tailwind:30.766%;Other:17.205%;,Aguav Berry:40.151%;Mago Berry:33.259%;Darkinium Z:10.161%;Assault Vest:8.438%;Iapapa Berry:5.049%;Other:2.941%;,dark;flying,Dark Aura:100.000%;
154,VGC 2019 Ultra Series,Kangaskhan-Mega,0.1398,https://www.pikalytics.com/pokedex/vgc2019ultra/Kangaskhan-Mega?l=en,HP:105;Atk:125;Def:100;SpA:60;SpD:100;Spe:100;,Fake Out:99.977%;Double-Edge:99.063%;Bite:78.190%;Helping Hand:51.266%;Low Kick:31.283%;Roar:12.791%;Hammer Arm:11.796%;Other:15.634%;,Kangaskhanite:100.000%;,normal,Parental Bond:100.000%;
155,VGC 2019 Ultra Series,Necrozma-Dawn-Wings,0.12300000000000001,https://www.pikalytics.com/pokedex/vgc2019ultra/Necrozma-Dawn-Wings,HP:97;Atk:113;Def:109;SpA:157;SpD:127;Spe:77;,Moongeist Beam:99.741%;Protect:99.546%;Earth Power:98.063%;Photon Geyser:59.560%;Trick Room:41.756%;Other:1.333%;,Ultranecrozium Z:58.710%;Lunalium Z:40.458%;Other:0.832%;,psychic;ghost,Prism Armor:100.000%;
156,VGC 2019 Ultra Series,Landorus-Therian,0.10949999999999999,https://www.pikalytics.com/pokedex/vgc2019ultra/Landorus-Therian,HP:89;Atk:145;Def:90;SpA:105;SpD:80;Spe:91;,Protect:98.081%;U-turn:96.109%;Earth Power:93.959%;:56.756%;Earthquake:38.451%;Other:16.644%;,Groundium Z:95.267%;Other:4.733%;,ground;flying,Intimidate:100.000%;
157,VGC 2019 Ultra Series,Nihilego,0.105,https://www.pikalytics.com/pokedex/vgc2019ultra/Nihilego?l=en,HP:109;Atk:53;Def:47;SpA:127;SpD:131;Spe:103;,Protect:99.438%;Sludge Bomb:92.987%;Power Gem:86.848%;Clear Smog:44.086%;:29.253%;Substitute:23.835%;Trick Room:14.433%;Other:9.119%;,Rockium Z:82.196%;Focus Sash:12.165%;Poisonium Z:4.943%;Other:0.696%;,rock;poison,Beast Boost:100.000%;
158,VGC 2019 Ultra Series,Metagross-Mega,0.1043,https://www.pikalytics.com/pokedex/vgc2019ultra/Metagross-Mega?l=en,HP:80;Atk:145;Def:150;SpA:105;SpD:110;Spe:110;,Protect:88.204%;Stomping Tantrum:86.561%;Bullet Punch:82.578%;Iron Head:81.213%;Thunder Punch:19.748%;Meteor Mash:18.738%;Hammer Arm:9.582%;Other:13.376%;,Metagrossite:100.000%;,steel;psychic,Tough Claws:100.000%;
159,VGC 2019 Ultra Series,Kartana,0.0974,https://www.pikalytics.com/pokedex/vgc2019ultra/Kartana?l=en,HP:59;Atk:181;Def:131;SpA:59;SpD:31;Spe:109;,Leaf Blade:100.000%;Sacred Sword:97.907%;Knock Off:73.976%;Smart Strike:59.424%;Detect:55.286%;Other:13.407%;,Assault Vest:38.256%;Grassium Z:33.177%;Steelium Z:20.151%;Focus Sash:4.358%;Other:4.058%;,grass;steel,Beast Boost:100.000%;
160,VGC 2018,Landorus-Therian,0.6384000000000001,https://www.pikalytics.com/pokedex/vgc2018/Landorus-Therian?l=en,HP:89;Atk:145;Def:90;SpA:105;SpD:80;Spe:91;,Earthquake:77.934%;U-turn:63.016%;Rock Slide:57.289%;Superpower:45.502%;Protect:33.259%;Earth Power:22.379%;Knock Off:20.822%;:20.406%;Rock Tomb:18.527%;Sludge Bomb:15.039%;Stone Edge:12.341%;Other:13.486%;,Choice Scarf:37.322%;Groundium Z:28.172%;Assault Vest:21.036%;Choice Band:8.021%;Life Orb:1.971%;Other:3.478%;,ground;flying,Intimidate:100.000%;
161,VGC 2018,Incineroar,0.4632,https://www.pikalytics.com/pokedex/vgc2018/Incineroar?l=en,HP:95;Atk:115;Def:90;SpA:80;SpD:90;Spe:60;,Fake Out:99.758%;Flare Blitz:97.584%;Knock Off:84.338%;U-turn:68.681%;Low Kick:10.199%;Protect:9.973%;Snarl:5.695%;Darkest Lariat:5.221%;Other:18.551%;,Figy Berry:55.193%;Assault Vest:14.840%;Iapapa Berry:8.740%;Aguav Berry:8.718%;Mago Berry:8.345%;Other:4.164%;,fire;dark,Intimidate:99.673%;Blaze:0.327%;
162,VGC 2018,Tapu%20Fini,0.43,https://www.pikalytics.com/pokedex/vgc2018/Tapu%20Fini?l=en,HP:70;Atk:75;Def:115;SpA:95;SpD:130;Spe:85;,Moonblast:98.809%;Protect:85.752%;Muddy Water:84.322%;Calm Mind:70.504%;Scald:16.707%;Haze:14.720%;Trick:8.287%;Dazzling Gleam:6.309%;Other:14.590%;,Wiki Berry:41.804%;Mago Berry:18.985%;Waterium Z:18.626%;Choice Specs:12.031%;Iapapa Berry:3.172%;Aguav Berry:3.095%;Other:2.287%;,water;fairy,Misty Surge:100.000%;
163,VGC 2018,Kartana,0.4296,https://www.pikalytics.com/pokedex/vgc2018/Kartana?l=en,HP:59;Atk:181;Def:131;SpA:59;SpD:31;Spe:109;,Leaf Blade:99.991%;Sacred Sword:99.383%;Tailwind:46.848%;Detect:43.505%;Protect:39.787%;Substitute:19.992%;Smart Strike:18.422%;Knock Off:15.302%;Other:16.770%;,Grassium Z:21.068%;Figy Berry:15.821%;Iapapa Berry:15.114%;Assault Vest:14.752%;Fightinium Z:9.302%;Focus Sash:6.984%;Aguav Berry:4.920%;Mago Berry:4.339%;Flyinium Z:2.943%;Other:4.757%;,grass;steel,Beast Boost:100.000%;
164,VGC 2018,Cresselia,0.33039999999999997,https://www.pikalytics.com/pokedex/vgc2018/Cresselia?l=en,HP:120;Atk:70;Def:120;SpA:75;SpD:130;Spe:85;,Icy Wind:74.593%;Trick Room:73.190%;Helping Hand:50.597%;Psyshock:36.371%;Ally Switch:33.524%;Psychic:33.427%;Ice Beam:21.554%;Moonlight:19.655%;Calm Mind:18.503%;Toxic:8.965%;Skill Swap:8.932%;Shadow Ball:6.595%;Other:14.094%;,Psychium Z:30.858%;Wiki Berry:22.548%;Sitrus Berry:14.798%;Aguav Berry:10.246%;Electric Seed:8.601%;Misty Seed:3.856%;Iapapa Berry:3.199%;Mago Berry:3.036%;Other:2.859%;,psychic,Levitate:100.000%;
165,VGC 2018,Tapu%20Koko,0.2571,https://www.pikalytics.com/pokedex/vgc2018/Tapu%20Koko?l=en,HP:70;Atk:115;Def:85;SpA:95;SpD:75;Spe:130;,Dazzling Gleam:89.316%;Thunderbolt:83.739%;Protect:80.310%;Volt Switch:72.463%;Taunt:12.022%;Electroweb:10.598%;:8.234%;Thunder:8.043%;Sky Drop:7.820%;Nature's Madness:6.783%;Discharge:4.910%;Other:15.762%;,Electrium Z:59.403%;Life Orb:16.079%;Choice Specs:9.932%;Assault Vest:7.235%;Focus Sash:4.119%;Other:3.231%;,electric;fairy,Electric Surge:100.000%;
166,VGC 2018,Charizard-Mega-Y,0.2469,https://www.pikalytics.com/pokedex/vgc2018/Charizard-Mega-Y?l=en,HP:78;Atk:104;Def:78;SpA:159;SpD:115;Spe:100;,Protect:99.873%;Heat Wave:98.353%;Solar Beam:63.085%;Overheat:60.799%;Tailwind:58.228%;Other:19.662%;,Charizardite Y:100.000%;,fire;flying,Drought:100.000%;
167,VGC 2018,Tapu%20Lele,0.24559999999999998,https://www.pikalytics.com/pokedex/vgc2018/Tapu%20Lele?l=en,HP:70;Atk:85;Def:75;SpA:130;SpD:115;Spe:95;,Psychic:97.462%;Moonblast:94.162%;Protect:68.282%;Taunt:43.355%;Dazzling Gleam:26.899%;Shadow Ball:17.657%;Ally Switch:10.961%;Calm Mind:10.459%;:9.154%;Psyshock:7.104%;Other:14.506%;,Psychium Z:49.369%;Choice Scarf:26.134%;Life Orb:6.902%;Mago Berry:5.797%;Choice Specs:3.211%;Wiki Berry:3.149%;Fightinium Z:2.291%;Other:3.147%;,psychic;fairy,Psychic Surge:100.000%;
168,VGC 2018,Metagross-Mega,0.1893,https://www.pikalytics.com/pokedex/vgc2018/Metagross-Mega?l=en,HP:80;Atk:145;Def:150;SpA:105;SpD:110;Spe:110;,Iron Head:97.166%;Protect:95.721%;Stomping Tantrum:93.256%;Ice Punch:78.334%;Zen Headbutt:24.515%;Other:11.007%;,Metagrossite:100.000%;,steel;psychic,Tough Claws:100.000%;
169,VGC 2018,Zapdos,0.1838,https://www.pikalytics.com/pokedex/vgc2018/Zapdos?l=en,HP:90;Atk:90;Def:85;SpA:125;SpD:90;Spe:100;,Thunderbolt:99.422%;Tailwind:97.641%;Heat Wave:80.086%;Roost:70.749%;:19.331%;Protect:16.424%;Other:16.346%;,Sitrus Berry:18.682%;Electrium Z:17.835%;Mago Berry:15.848%;Misty Seed:15.578%;Psychic Seed:10.942%;Wiki Berry:7.351%;Aguav Berry:6.042%;Iapapa Berry:2.789%;Other:4.933%;,electric;flying,Pressure:100.000%;
170,VGC 2018,Heatran,0.1654,https://www.pikalytics.com/pokedex/vgc2018/Heatran?l=en,HP:91;Atk:90;Def:106;SpA:130;SpD:106;Spe:77;,Earth Power:99.549%;Protect:99.436%;Heat Wave:96.059%;Substitute:43.152%;Roar:13.250%;Flash Cannon:12.343%;Solar Beam:12.241%;Toxic:9.679%;Other:14.291%;,Shuca Berry:72.142%;Grassium Z:10.269%;Firium Z:9.438%;Groundium Z:2.856%;Life Orb:1.962%;Other:3.332%;,fire;steel,Flash Fire:100.000%;
171,VGC 2018,Nihilego,0.15109999999999998,https://www.pikalytics.com/pokedex/vgc2018/Nihilego?l=en,HP:109;Atk:53;Def:47;SpA:127;SpD:131;Spe:103;,Power Gem:99.991%;Sludge Bomb:98.536%;Protect:90.870%;Trick Room:65.428%;:23.779%;Substitute:7.338%;Other:14.058%;,Focus Sash:53.271%;Rockium Z:13.651%;Adrenaline Orb:11.110%;Choice Scarf:8.634%;Wiki Berry:7.239%;Life Orb:3.134%;Other:2.961%;,rock;poison,Beast Boost:100.000%;
172,VGC 2018,Amoonguss,0.1503,https://www.pikalytics.com/pokedex/vgc2018/Amoonguss?l=en,HP:114;Atk:85;Def:70;SpA:85;SpD:80;Spe:30;,Rage Powder:99.169%;Spore:98.458%;Protect:78.885%;Clear Smog:69.763%;Sludge Bomb:27.957%;Energy Ball:9.109%;Other:16.659%;,Wiki Berry:34.696%;Occa Berry:24.024%;Aguav Berry:14.629%;Iapapa Berry:10.151%;Payapa Berry:5.657%;Eject Button:3.149%;Figy Berry:1.619%;Focus Sash:1.337%;Other:4.737%;,grass;poison,Regenerator:97.057%;Effect Spore:2.943%;
173,VGC 2018,Milotic,0.13720000000000002,https://www.pikalytics.com/pokedex/vgc2018/Milotic?l=en,HP:95;Atk:60;Def:79;SpA:100;SpD:125;Spe:81;,Scald:99.697%;Icy Wind:97.063%;Protect:96.661%;Haze:54.619%;Recover:37.633%;Other:14.328%;,Wiki Berry:83.515%;Adrenaline Orb:3.879%;Mago Berry:2.801%;Electric Seed:2.459%;Wacan Berry:2.367%;Other:4.979%;,water,Competitive:99.858%;Marvel Scale:0.140%;Cute Charm:0.002%;
174,VGC 2018,Gengar-Mega,0.1336,https://www.pikalytics.com/pokedex/vgc2018/Gengar-Mega?l=en,HP:60;Atk:65;Def:80;SpA:170;SpD:95;Spe:130;,Protect:99.883%;Shadow Ball:99.100%;Sludge Bomb:92.542%;Icy Wind:55.217%;Perish Song:14.452%;Substitute:12.362%;Taunt:7.720%;Other:18.723%;,Gengarite:100.000%;,ghost;poison,Shadow Tag:100.000%;
175,VGC 2018,Kangaskhan-Mega,0.1091,https://www.pikalytics.com/pokedex/vgc2018/Kangaskhan-Mega?l=en,HP:105;Atk:125;Def:100;SpA:60;SpD:100;Spe:100;,Fake Out:99.857%;Sucker Punch:85.987%;Return:51.131%;Double-Edge:39.068%;Low Kick:36.968%;Toxic:27.172%;Drain Punch:21.564%;Protect:14.012%;Frustration:9.665%;Other:14.576%;,Kangaskhanite:100.000%;,normal,Parental Bond:100.000%;
176,VGC 2018,Salamence-Mega,0.1051,https://www.pikalytics.com/pokedex/vgc2018/Salamence-Mega?l=en,HP:95;Atk:145;Def:130;SpA:120;SpD:90;Spe:120;,Protect:99.616%;Dragon Dance:69.763%;Roost:61.678%;Return:50.836%;Double-Edge:34.464%;Hyper Voice:22.117%;Tailwind:18.779%;Flamethrower:12.585%;Earthquake:12.464%;Other:17.699%;,Salamencite:100.000%;,dragon;flying,Aerilate:100.000%;
177,VGC 2018,Snorlax,0.09910000000000001,https://www.pikalytics.com/pokedex/vgc2018/Snorlax?l=en,HP:160;Atk:110;Def:65;SpA:65;SpD:110;Spe:30;,Belly Drum:85.987%;Return:81.692%;Recycle:78.356%;Protect:64.269%;High Horsepower:33.000%;Earthquake:10.899%;Curse:10.784%;Frustration:9.908%;Stomping Tantrum:7.997%;Other:17.109%;,Figy Berry:47.416%;Aguav Berry:21.408%;Iapapa Berry:16.027%;Wiki Berry:7.807%;Mago Berry:3.149%;Other:4.194%;,normal,Gluttony:95.591%;Thick Fat:4.303%;Immunity:0.106%;
178,VGC 2018,Tyranitar-Mega,0.08199999999999999,https://www.pikalytics.com/pokedex/vgc2018/Tyranitar-Mega?l=en,HP:100;Atk:164;Def:150;SpA:95;SpD:120;Spe:71;,Rock Slide:99.925%;Protect:96.350%;Crunch:89.362%;Dragon Dance:78.903%;Ice Punch:8.796%;Curse:6.288%;Assurance:6.188%;Other:14.188%;,Tyranitarite:100.000%;,rock;dark,Sand Stream:100.000%;
179,VGC 2018,Tapu%20Bulu,0.077,https://www.pikalytics.com/pokedex/vgc2018/Tapu%20Bulu?l=en,HP:70;Atk:130;Def:115;SpA:85;SpD:95;Spe:75;,Wood Hammer:90.797%;Superpower:77.199%;Horn Leech:64.897%;Protect:53.442%;Rock Slide:46.289%;Stone Edge:12.692%;Nature's Madness:9.002%;Swords Dance:6.888%;Dazzling Gleam:5.161%;Substitute:4.827%;Taunt:4.819%;Bulk Up:3.791%;Whirlwind:3.715%;Other:16.481%;,Choice Scarf:35.198%;Figy Berry:14.150%;Assault Vest:13.136%;Grassium Z:9.447%;Life Orb:6.817%;Aguav Berry:4.341%;Fightinium Z:3.655%;Mago Berry:2.331%;Choice Band:2.209%;Eject Button:1.985%;Miracle Seed:1.899%;Other:4.831%;,grass;fairy,Grassy Surge:100.000%;
180,VGC 2017,Arcanine,0.8023,https://www.pikalytics.com/pokedex/vgc2017/Arcanine?l=en,HP:90;Atk:110;Def:80;SpA:100;SpD:80;Spe:95;,Flare Blitz:97.778%;Extreme Speed:74.606%;Protect:74.008%;Helping Hand:33.707%;Wild Charge:28.898%;Bulldoze:27.578%;Snarl:19.189%;Will-O-Wisp:17.399%;Roar:7.864%;Other:18.973%;,Mago Berry:28.165%;Aguav Berry:18.566%;Iapapa Berry:14.810%;Assault Vest:14.240%;Figy Berry:7.371%;Firium Z:6.874%;Choice Band:3.564%;Life Orb:1.876%;Other:4.534%;,fire,Intimidate:99.768%;Justified:0.147%;Flash Fire:0.084%;
181,VGC 2017,Tapu%20Koko,0.5440999999999999,https://www.pikalytics.com/pokedex/vgc2017/Tapu%20Koko?l=en,HP:70;Atk:115;Def:85;SpA:95;SpD:75;Spe:130;,Dazzling Gleam:86.858%;Thunderbolt:84.620%;Volt Switch:68.205%;Protect:59.217%;Sky Drop:22.296%;:18.271%;Taunt:12.228%;Nature's Madness:11.306%;Discharge:7.892%;Electro Ball:7.143%;Nature Power:5.472%;Other:16.491%;,Electrium Z:30.320%;Life Orb:25.042%;Assault Vest:16.586%;Choice Specs:15.868%;Fairium Z:4.480%;Focus Sash:2.292%;Normalium Z:1.341%;Other:4.070%;,electric;fairy,Electric Surge:100.000%;
182,VGC 2017,Kartana,0.3613,https://www.pikalytics.com/pokedex/vgc2017/Kartana?l=en,HP:59;Atk:181;Def:131;SpA:59;SpD:31;Spe:109;,Leaf Blade:99.937%;Sacred Sword:98.943%;Smart Strike:51.661%;Detect:51.267%;Swords Dance:29.147%;Substitute:19.983%;Protect:18.841%;Night Slash:12.421%;Other:17.799%;,Fightinium Z:24.462%;Grassium Z:23.596%;Focus Sash:17.405%;Choice Scarf:15.236%;Assault Vest:13.575%;Scope Lens:2.650%;Other:3.076%;,grass;steel,Beast Boost:100.000%;
183,VGC 2017,Porygon2,0.3496,https://www.pikalytics.com/pokedex/vgc2017/Porygon2?l=en,HP:85;Atk:80;Def:90;SpA:105;SpD:95;Spe:60;,Ice Beam:99.264%;Trick Room:98.899%;Recover:98.798%;Thunderbolt:33.380%;Toxic:32.742%;Return:19.512%;Other:17.406%;,Eviolite:99.846%;Other:0.154%;,normal,Download:91.496%;Analytic:7.213%;Trace:1.291%;
184,VGC 2017,Garchomp,0.3154,https://www.pikalytics.com/pokedex/vgc2017/Garchomp?l=en,HP:108;Atk:130;Def:95;SpA:80;SpD:85;Spe:102;,Earthquake:99.795%;Rock Slide:71.329%;Poison Jab:58.326%;Protect:50.157%;Swords Dance:40.624%;Dragon Claw:36.631%;Fire Fang:29.432%;Other:13.705%;,Groundium Z:49.416%;Choice Scarf:42.823%;Assault Vest:6.474%;Other:1.287%;,dragon;ground,Rough Skin:94.116%;Sand Veil:5.884%;
185,VGC 2017,Tapu%20Fini,0.3135,https://www.pikalytics.com/pokedex/vgc2017/Tapu%20Fini?l=en,HP:70;Atk:75;Def:115;SpA:95;SpD:130;Spe:85;,Moonblast:97.368%;Muddy Water:87.478%;Protect:58.353%;Calm Mind:38.027%;Haze:34.505%;Dazzling Gleam:27.104%;Scald:24.556%;Hydro Pump:8.325%;Taunt:5.052%;Other:19.231%;,Choice Specs:39.446%;Wiki Berry:21.086%;Leftovers:12.145%;Iapapa Berry:7.661%;Mago Berry:7.528%;Waterium Z:5.274%;Aguav Berry:5.110%;Other:1.750%;,water;fairy,Misty Surge:100.000%;
186,VGC 2017,Tapu%20Lele,0.2896,https://www.pikalytics.com/pokedex/vgc2017/Tapu%20Lele?l=en,HP:70;Atk:85;Def:75;SpA:130;SpD:115;Spe:95;,Psychic:97.793%;Moonblast:96.526%;Dazzling Gleam:55.207%;Thunderbolt:46.558%;Protect:45.935%;Taunt:25.839%;:9.128%;Psyshock:7.729%;Other:15.286%;,Choice Scarf:29.885%;Choice Specs:24.140%;Psychium Z:22.205%;Life Orb:15.671%;Wiki Berry:3.721%;Other:4.377%;,psychic;fairy,Psychic Surge:100.000%;
187,VGC 2017,Celesteela,0.2675,https://www.pikalytics.com/pokedex/vgc2017/Celesteela?l=en,HP:97;Atk:101;Def:103;SpA:107;SpD:101;Spe:61;,Protect:93.883%;Leech Seed:93.131%;Heavy Slam:85.815%;Flamethrower:78.068%;Substitute:15.985%;Flash Cannon:12.858%;Air Slash:4.216%;Other:16.043%;,Leftovers:76.450%;Aguav Berry:5.448%;Assault Vest:4.659%;Steelium Z:3.923%;Iapapa Berry:3.911%;Wacan Berry:2.089%;Other:3.520%;,steel;flying,Beast Boost:100.000%;
188,VGC 2017,Snorlax,0.23370000000000002,https://www.pikalytics.com/pokedex/vgc2017/Snorlax?l=en,HP:160;Atk:110;Def:65;SpA:65;SpD:110;Spe:30;,Recycle:94.381%;High Horsepower:79.080%;Return:61.148%;Curse:55.365%;Belly Drum:43.965%;Double-Edge:14.257%;Frustration:13.105%;Facade:10.506%;Protect:9.956%;Other:18.238%;,Figy Berry:77.597%;Iapapa Berry:16.168%;Aguav Berry:3.759%;Other:2.476%;,normal,Gluttony:98.329%;Thick Fat:1.348%;Immunity:0.323%;
189,VGC 2017,Gigalith,0.19649999999999998,https://www.pikalytics.com/pokedex/vgc2017/Gigalith?l=en,HP:85;Atk:135;Def:130;SpA:60;SpD:80;Spe:25;,Rock Slide:98.800%;Protect:84.892%;Stone Edge:79.096%;Curse:59.092%;Earthquake:30.288%;Heavy Slam:23.272%;Wide Guard:15.636%;Other:8.924%;,Rockium Z:65.650%;Choice Band:12.081%;Figy Berry:7.353%;Weakness Policy:6.764%;Aguav Berry:2.310%;Assault Vest:1.240%;Other:4.603%;,rock,Sand Stream:99.459%;Sturdy:0.513%;Sand Force:0.027%;
190,VGC 2017,Nihilego,0.1937,https://www.pikalytics.com/pokedex/vgc2017/Nihilego?l=en,HP:109;Atk:53;Def:47;SpA:127;SpD:131;Spe:103;,Sludge Bomb:99.629%;Power Gem:99.616%;Protect:82.934%;Trick Room:52.153%;:35.140%;Acid Spray:11.737%;Other:18.790%;,Focus Sash:43.060%;Life Orb:18.787%;Choice Scarf:15.599%;Wiki Berry:10.160%;Iapapa Berry:4.599%;Grassy Seed:2.135%;Rockium Z:1.397%;Other:4.262%;,rock;poison,Beast Boost:100.000%;
191,VGC 2017,Ninetales-Alola,0.1617,https://www.pikalytics.com/pokedex/vgc2017/Ninetales-Alola,HP:73;Atk:67;Def:75;SpA:81;SpD:100;Spe:109;,Blizzard:92.963%;Aurora Veil:92.364%;Protect:80.227%;Freeze-Dry:59.864%;Icy Wind:25.582%;Roar:13.870%;Encore:13.831%;Disable:6.518%;Other:14.781%;,Focus Sash:69.225%;Light Clay:24.187%;Choice Scarf:5.288%;Other:1.300%;,ice;fairy,Snow Warning:99.159%;Snow Cloak:0.841%;
192,VGC 2017,Muk-Alola,0.1328,https://www.pikalytics.com/pokedex/vgc2017/Muk-Alola,HP:105;Atk:105;Def:75;SpA:65;SpD:100;Spe:50;,Knock Off:99.891%;Protect:98.849%;Poison Jab:70.287%;Gunk Shot:30.024%;Taunt:25.073%;Curse:23.141%;Flamethrower:13.966%;Imprison:12.009%;Shadow Sneak:9.957%;Other:16.803%;,Figy Berry:74.031%;Iapapa Berry:18.663%;Aguav Berry:3.707%;Other:3.599%;,poison;dark,Gluttony:97.303%;Poison Touch:2.160%;Power of Alchemy:0.537%;
193,VGC 2017,Tapu%20Bulu,0.1134,https://www.pikalytics.com/pokedex/vgc2017/Tapu%20Bulu?l=en,HP:70;Atk:130;Def:115;SpA:85;SpD:95;Spe:75;,Protect:95.255%;Horn Leech:86.553%;Wood Hammer:84.119%;Substitute:47.924%;Leech Seed:19.033%;Swords Dance:9.404%;Stone Edge:8.647%;Superpower:8.574%;Disable:7.917%;Whirlwind:7.405%;:6.799%;Other:18.371%;,Grassium Z:41.745%;Aguav Berry:19.739%;Leftovers:8.605%;Figy Berry:3.640%;Mago Berry:3.631%;Life Orb:3.442%;Rockium Z:2.741%;Miracle Seed:2.483%;Eject Button:2.445%;Meadow Plate:2.113%;Choice Scarf:2.027%;Iapapa Berry:1.558%;Assault Vest:1.119%;Other:4.710%;,grass;fairy,Grassy Surge:100.000%;
194,VGC 2017,Metagross,0.1096,https://www.pikalytics.com/pokedex/vgc2017/Metagross?l=en,HP:80;Atk:135;Def:130;SpA:95;SpD:90;Spe:70;,Meteor Mash:98.036%;Zen Headbutt:83.925%;Protect:73.042%;Bullet Punch:67.405%;Hammer Arm:32.194%;Earthquake:26.820%;Other:18.579%;,Weakness Policy:53.808%;Choice Band:13.352%;Assault Vest:10.123%;Groundium Z:8.045%;Psychium Z:4.037%;Fightinium Z:1.890%;Life Orb:1.729%;Steelium Z:1.471%;Iapapa Berry:1.428%;Other:4.116%;,steel;psychic,Clear Body:100.000%;Light Metal:0.000%;
195,VGC 2017,Buzzwole,0.0911,https://www.pikalytics.com/pokedex/vgc2017/Buzzwole?l=en,HP:107;Atk:139;Def:139;SpA:53;SpD:53;Spe:79;,Poison Jab:98.210%;Ice Punch:95.659%;Superpower:90.021%;Protect:74.912%;Leech Life:12.926%;Hammer Arm:9.509%;Other:18.763%;,Fightinium Z:72.534%;Assault Vest:23.750%;Other:3.716%;,bug;fighting,Beast Boost:100.000%;
196,VGC 2017,Drifblim,0.08689999999999999,https://www.pikalytics.com/pokedex/vgc2017/Drifblim?l=en,HP:150;Atk:80;Def:44;SpA:90;SpD:54;Spe:80;,Tailwind:98.934%;Shadow Ball:98.919%;Will-O-Wisp:72.563%;Sunny Day:68.023%;Haze:28.729%;Rain Dance:7.980%;Disable:5.461%;Other:19.390%;,Psychic Seed:88.300%;Misty Seed:6.452%;Grassy Seed:3.876%;Other:1.372%;,ghost;flying,Unburden:99.663%;Aftermath:0.336%;Flare Boost:0.001%;
197,VGC 2017,Pheromosa,0.0861,https://www.pikalytics.com/pokedex/vgc2017/Pheromosa?l=en,HP:71;Atk:137;Def:37;SpA:137;SpD:37;Spe:151;,Protect:91.839%;Ice Beam:74.753%;High Jump Kick:66.228%;Poison Jab:65.655%;Focus Blast:33.611%;U-turn:23.327%;:22.982%;Double Kick:6.565%;Other:15.040%;,Fightinium Z:46.202%;Life Orb:24.130%;Poisonium Z:15.030%;Focus Sash:12.235%;Other:2.403%;,bug;fighting,Beast Boost:100.000%;
198,VGC 2017,Togedemaru,0.0849,https://www.pikalytics.com/pokedex/vgc2017/Togedemaru?l=en,HP:65;Atk:98;Def:63;SpA:40;SpD:73;Spe:96;,Fake Out:99.955%;Zing Zap:99.689%;Spiky Shield:94.217%;Encore:74.151%;Poison Jab:12.108%;Other:19.880%;,Air Balloon:46.390%;Focus Sash:39.497%;Other:4.577%;,electric;steel,Lightning Rod:98.218%;Iron Barbs:1.647%;Sturdy:0.135%;
199,VGC 2017,Gyarados,0.0797,https://www.pikalytics.com/pokedex/vgc2017/Gyarados?l=en,HP:95;Atk:125;Def:79;SpA:60;SpD:100;Spe:81;,Waterfall:99.649%;Protect:98.205%;Dragon Dance:91.127%;Flamethrower:30.186%;Bounce:23.846%;Ice Fang:20.799%;Earthquake:16.446%;Other:19.742%;,Waterium Z:52.819%;Flyinium Z:23.696%;Focus Sash:6.849%;Groundium Z:6.112%;Sitrus Berry:3.911%;Aguav Berry:1.668%;Other:4.944%;,water;flying,Intimidate:99.929%;Moxie:0.071%;
200,Gen 7 OverUsed,Landorus-Therian,0.3971,https://www.pikalytics.com/pokedex/ou/Landorus-Therian?l=en,HP:89;Atk:145;Def:90;SpA:105;SpD:80;Spe:91;,Earthquake:98.937%;U-turn:74.440%;Stealth Rock:54.792%;Stone Edge:32.479%;Defog:31.272%;:27.501%;Explosion:23.667%;Fly:13.400%;Swords Dance:10.376%;Knock Off:10.226%;Toxic:5.631%;Other:17.279%;,Choice Scarf:40.074%;Rocky Helmet:18.401%;Flyinium Z:13.224%;Leftovers:8.473%;Focus Sash:6.412%;Yache Berry:5.376%;Rockium Z:2.586%;Iapapa Berry:1.158%;Other:4.297%;,ground;flying,Intimidate:100.000%;
201,Gen 7 OverUsed,Magearna,0.2429,https://www.pikalytics.com/pokedex/ou/Magearna?l=en,HP:80;Atk:95;Def:115;SpA:130;SpD:115;Spe:65;,Fleur Cannon:67.680%;Volt Switch:51.634%;Ice Beam:45.831%;Thunderbolt:41.177%;Flash Cannon:30.823%;Focus Blast:26.922%;:23.943%;Iron Head:23.132%;Trick Room:20.782%;Shift Gear:19.924%;Calm Mind:18.600%;Pain Split:10.960%;Other:18.591%;,Assault Vest:44.339%;Fairium Z:19.091%;Leftovers:12.890%;Shuca Berry:5.252%;Iapapa Berry:4.830%;Fightinium Z:3.635%;Electrium Z:2.709%;Weakness Policy:1.986%;Steelium Z:1.110%;Other:4.159%;,steel;fairy,Soul-Heart:100.000%;
202,Gen 7 OverUsed,Ferrothorn,0.18600000000000003,https://www.pikalytics.com/pokedex/ou/Ferrothorn?l=en,HP:74;Atk:94;Def:131;SpA:54;SpD:116;Spe:20;,Leech Seed:83.783%;Gyro Ball:69.626%;Stealth Rock:59.922%;Spikes:56.986%;Power Whip:53.913%;Protect:32.311%;Thunder Wave:16.270%;Knock Off:14.921%;Other:12.268%;,Leftovers:74.086%;Rocky Helmet:11.308%;Iapapa Berry:5.285%;Aguav Berry:3.429%;Chople Berry:2.997%;Other:2.895%;,grass;steel,Iron Barbs:99.851%;Anticipation:0.149%;
203,Gen 7 OverUsed,Tapu%20Koko,0.18030000000000002,https://www.pikalytics.com/pokedex/ou/Tapu%20Koko?l=en,HP:70;Atk:115;Def:85;SpA:95;SpD:75;Spe:130;,Thunderbolt:67.714%;Volt Switch:57.910%;Dazzling Gleam:51.709%;:47.815%;U-turn:47.480%;Defog:24.588%;Taunt:17.710%;Roost:16.604%;Wild Charge:12.169%;Reflect:11.893%;Light Screen:11.746%;Brave Bird:8.698%;:7.607%;Other:16.358%;,Choice Scarf:29.027%;Choice Specs:17.783%;Electrium Z:13.298%;Light Clay:11.462%;Shuca Berry:7.313%;Life Orb:6.945%;Fairium Z:2.923%;Leftovers:2.815%;Magnet:2.632%;Air Balloon:1.146%;Other:4.655%;,electric;fairy,Electric Surge:100.000%;
204,Gen 7 OverUsed,Heatran,0.17670000000000002,https://www.pikalytics.com/pokedex/ou/Heatran?l=en,HP:91;Atk:90;Def:106;SpA:130;SpD:106;Spe:77;,Earth Power:73.549%;Stealth Rock:62.112%;Toxic:52.297%;Magma Storm:52.120%;Lava Plume:43.363%;Taunt:39.812%;Protect:30.631%;Flash Cannon:17.058%;Solar Beam:5.845%;Substitute:3.457%;Other:19.757%;,Leftovers:63.010%;Firium Z:8.778%;Choice Scarf:6.967%;Grassium Z:5.596%;Air Balloon:5.333%;Steelium Z:4.020%;Groundium Z:1.714%;Other:4.581%;,fire;steel,Flash Fire:100.000%;
205,Gen 7 OverUsed,Kartana,0.1752,https://www.pikalytics.com/pokedex/ou/Kartana?l=en,HP:59;Atk:181;Def:131;SpA:59;SpD:31;Spe:109;,Leaf Blade:99.904%;Sacred Sword:92.376%;Smart Strike:67.639%;Knock Off:66.404%;Swords Dance:37.249%;Giga Impact:17.719%;Other:18.709%;,Choice Scarf:44.827%;Normalium Z:17.965%;Choice Band:12.033%;Steelium Z:7.458%;Life Orb:3.713%;Focus Sash:3.193%;Fightinium Z:2.742%;Leftovers:2.552%;Grassium Z:2.518%;Other:3.000%;,grass;steel,Beast Boost:100.000%;
206,Gen 7 OverUsed,Greninja-Ash,0.1699,https://www.pikalytics.com/pokedex/ou/Greninja-Ash,HP:72;Atk:145;Def:67;SpA:153;SpD:71;Spe:132;,Dark Pulse:99.422%;Water Shuriken:97.257%;Hydro Pump:63.888%;Spikes:49.013%;Ice Beam:36.896%;Surf:32.046%;U-turn:12.478%;Other:9.000%;,Choice Specs:86.266%;Waterium Z:6.889%;Life Orb:4.167%;Other:2.678%;,water;dark,Battle Bond:100.000%;
207,Gen 7 OverUsed,Tapu%20Lele,0.1463,https://www.pikalytics.com/pokedex/ou/Tapu%20Lele?l=en,HP:70;Atk:85;Def:75;SpA:130;SpD:115;Spe:95;,Moonblast:98.974%;Psyshock:68.512%;Psychic:62.551%;Focus Blast:61.655%;:52.232%;Taunt:17.412%;Calm Mind:14.804%;Thunderbolt:7.786%;Other:16.074%;,Choice Scarf:26.702%;Choice Specs:25.223%;Fightinium Z:15.575%;Terrain Extender:14.019%;Twisted Spoon:4.140%;Psychium Z:4.102%;Metronome:3.404%;Assault Vest:2.274%;Other:4.561%;,psychic;fairy,Psychic Surge:100.000%;
208,Gen 7 OverUsed,Zapdos,0.1353,https://www.pikalytics.com/pokedex/ou/Zapdos?l=en,HP:90;Atk:90;Def:85;SpA:125;SpD:90;Spe:100;,Roost:97.308%;Heat Wave:74.941%;Defog:69.546%;Discharge:61.634%;:41.799%;Volt Switch:32.777%;Toxic:10.380%;Other:11.614%;,Leftovers:56.612%;Rocky Helmet:38.359%;Electrium Z:1.975%;Other:3.054%;,electric;flying,Static:82.332%;Pressure:17.668%;
209,Gen 7 OverUsed,Tornadus-Therian,0.12619999999999998,https://www.pikalytics.com/pokedex/ou/Tornadus-Therian,HP:79;Atk:100;Def:80;SpA:110;SpD:90;Spe:121;,Hurricane:97.514%;Defog:83.602%;U-turn:76.723%;Knock Off:59.473%;Taunt:37.082%;Heat Wave:24.480%;Focus Blast:9.389%;Other:11.738%;,Rocky Helmet:55.414%;Flyinium Z:26.097%;Fightinium Z:6.543%;Life Orb:5.420%;Leftovers:2.502%;Other:4.024%;,flying,Regenerator:100.000%;
210,Gen 7 OverUsed,Toxapex,0.1201,https://www.pikalytics.com/pokedex/ou/Toxapex?l=en,HP:50;Atk:63;Def:152;SpA:53;SpD:142;Spe:35;,Recover:97.133%;Scald:97.062%;Haze:79.801%;Toxic Spikes:56.037%;Toxic:42.382%;Baneful Bunker:14.967%;Other:12.618%;,Black Sludge:83.387%;Leftovers:3.695%;Icium Z:3.308%;Shed Shell:2.722%;Payapa Berry:2.426%;Other:4.462%;,poison;water,Regenerator:99.252%;Merciless:0.691%;Limber:0.057%;
211,Gen 7 OverUsed,Chansey,0.1061,https://www.pikalytics.com/pokedex/ou/Chansey?l=en,HP:250;Atk:5;Def:5;SpA:35;SpD:105;Spe:50;,Seismic Toss:94.504%;Soft-Boiled:83.319%;Toxic:64.979%;Stealth Rock:57.537%;Heal Bell:25.627%;Wish:24.192%;Thunder Wave:17.955%;Protect:13.199%;Other:18.687%;,Eviolite:99.699%;Other:0.301%;,normal,Natural Cure:99.265%;Serene Grace:0.537%;Healer:0.198%;
212,Gen 7 OverUsed,Rotom-Wash,0.1056,https://www.pikalytics.com/pokedex/ou/Rotom-Wash,HP:50;Atk:65;Def:107;SpA:105;SpD:107;Spe:86;,Hydro Pump:98.401%;Volt Switch:93.259%;Defog:71.000%;Will-O-Wisp:67.218%;Pain Split:29.544%;Thunder Wave:9.631%;Toxic:8.768%;Discharge:4.467%;Other:17.714%;,Leftovers:42.049%;Iapapa Berry:22.194%;Wiki Berry:12.607%;Aguav Berry:8.564%;Waterium Z:4.344%;Electrium Z:3.676%;Choice Scarf:2.942%;Other:3.624%;,electric;water,Levitate:100.000%;
213,Gen 7 OverUsed,Tapu%20Fini,0.1052,https://www.pikalytics.com/pokedex/ou/Tapu%20Fini?l=en,HP:70;Atk:75;Def:115;SpA:95;SpD:130;Spe:85;,Moonblast:93.236%;Defog:79.070%;Taunt:74.638%;Nature's Madness:41.546%;Scald:38.763%;Surf:25.333%;Hydro Pump:8.213%;Calm Mind:6.371%;Ice Beam:6.247%;Knock Off:5.913%;Haze:5.571%;Other:15.100%;,Leftovers:88.508%;Choice Scarf:3.470%;Wiki Berry:2.067%;Iapapa Berry:1.907%;Other:4.048%;,water;fairy,Misty Surge:100.000%;
214,Gen 7 OverUsed,Excadrill,0.09720000000000001,https://www.pikalytics.com/pokedex/ou/Excadrill?l=en,HP:110;Atk:135;Def:60;SpA:50;SpD:65;Spe:88;,Earthquake:98.752%;Rapid Spin:83.840%;Iron Head:69.298%;Stealth Rock:41.776%;Rock Slide:35.391%;Swords Dance:30.014%;Rock Tomb:20.990%;Other:19.938%;,Focus Sash:24.470%;Choice Scarf:19.944%;Leftovers:19.640%;Steelium Z:11.500%;Life Orb:9.262%;Air Balloon:6.982%;Assault Vest:3.926%;Other:4.277%;,ground;steel,Mold Breaker:64.812%;Sand Rush:34.779%;Sand Force:0.409%;
215,Gen 7 OverUsed,Gliscor,0.0932,https://www.pikalytics.com/pokedex/ou/Gliscor?l=en,HP:75;Atk:95;Def:125;SpA:45;SpD:75;Spe:95;,Earthquake:97.525%;Roost:79.257%;Defog:45.062%;Toxic:44.529%;Stealth Rock:24.532%;Swords Dance:24.131%;Knock Off:19.444%;Facade:17.213%;Protect:15.782%;U-turn:9.733%;Ice Fang:6.817%;Other:15.976%;,Toxic Orb:98.959%;Other:1.041%;,ground;flying,Poison Heal:99.604%;Hyper Cutter:0.346%;Sand Veil:0.051%;
216,Gen 7 OverUsed,Greninja,0.0919,https://www.pikalytics.com/pokedex/ou/Greninja?l=en,HP:72;Atk:95;Def:67;SpA:103;SpD:71;Spe:122;,Ice Beam:90.771%;Gunk Shot:62.586%;U-turn:50.737%;Spikes:35.732%;:31.398%;Rock Slide:26.977%;Hydro Pump:21.040%;Low Kick:20.291%;Extrasensory:13.438%;Dark Pulse:9.412%;Dig:8.796%;Taunt:4.777%;Toxic Spikes:4.131%;Other:19.914%;,Choice Scarf:40.075%;Life Orb:16.470%;Expert Belt:15.414%;Focus Sash:11.114%;Groundium Z:8.834%;Waterium Z:2.493%;Fightinium Z:1.940%;Other:3.659%;,water;dark,Protean:99.585%;Torrent:0.415%;
217,Gen 7 OverUsed,Mawile-Mega,0.0917,https://www.pikalytics.com/pokedex/ou/Mawile-Mega?l=en,HP:50;Atk:105;Def:125;SpA:55;SpD:95;Spe:50;,Play Rough:93.526%;Sucker Punch:86.664%;Swords Dance:58.463%;Thunder Punch:46.017%;Fire Fang:39.096%;Knock Off:22.907%;Iron Head:17.539%;Focus Punch:12.889%;Ice Punch:10.169%;Other:12.729%;,Mawilite:100.000%;,steel;fairy,Huge Power:100.000%;
218,Gen 7 OverUsed,Hawlucha,0.0913,https://www.pikalytics.com/pokedex/ou/Hawlucha?l=en,HP:78;Atk:92;Def:75;SpA:74;SpD:63;Spe:118;,Acrobatics:99.820%;Swords Dance:97.818%;High Jump Kick:79.338%;Drain Punch:25.179%;Poison Jab:20.226%;Stone Edge:19.526%;Rock Slide:18.613%;Substitute:18.062%;Roost:14.860%;Other:6.558%;,Electric Seed:69.486%;Psychic Seed:23.401%;Misty Seed:3.181%;Other:3.932%;,fighting;flying,Unburden:99.474%;Limber:0.348%;Mold Breaker:0.178%;
219,Gen 7 OverUsed,Garchomp,0.0906,https://www.pikalytics.com/pokedex/ou/Garchomp?l=en,HP:108;Atk:130;Def:95;SpA:80;SpD:85;Spe:102;,Earthquake:99.186%;Stealth Rock:65.998%;Swords Dance:60.083%;Stone Edge:50.535%;Outrage:33.835%;Toxic:12.668%;Fire Fang:12.627%;Dragon Claw:12.317%;Fire Blast:11.396%;Poison Jab:8.779%;Dragon Tail:8.196%;Flamethrower:4.602%;Other:19.778%;,Rockium Z:38.902%;Rocky Helmet:17.978%;Choice Scarf:15.289%;Dragonium Z:15.141%;Life Orb:3.341%;Leftovers:2.167%;Yache Berry:1.309%;Focus Sash:1.253%;Other:4.621%;,dragon;ground,Rough Skin:97.172%;Sand Veil:2.828%;
